procuringEntity_name,monto_total,num_procesos
EMPRESA ELÉCTRICA PÚBLICA ESTRATÉGICA CORPORACIÓN NACIONAL DE ELECTRICIDAD CNEL EP,268344320.63,1340
CORPORACION ELECTRICA DEL ECUADOR CELEC EP.,228984829.73,1401
Empresa Pública de hidrocarburos del Ecuador EP PETROECUADOR,205362714.07,477
MINISTERIO DE EDUCACION DEPORTE Y CULTURA,179004089.92,60
MINISTERIO DE EDUCACION,136820437.28,72
GOBIERNO AUTONOMO DESCENTRALIZADO DEL DISTRITO METROPOLITANO DE QUITO,134983169.76,3113
Empresa Publica Metropolitana de Movilidad y Obras Publicas,127659245.14,350
EMPRESA ELÉCTRICA QUITO S.A. E.E.Q.,108043723.45,275
Gobierno Provincial del Guayas,95392423.23,202
HOSPITAL DE ESPECIALIDADES CARLOS ANDRADE MARIN,92126187.36,638
Municipalidad de Guayaquil,91809245.14,274
Empresa Pública Metropolitana de Agua Potable y Saneamiento,83883812.12,331
CORPORACION NACIONAL DE TELECOMUNICACIONES,76678992.12,453
INSTITUTO ECUATORIANO DE SEGURIDAD SOCIAL,65738044.92,1668
GOBIERNO AUTONOMO DESCENTRALIZADO PROVINCIAL DE MANABI,59673667.35,231
EMPRESA PÚBLICA METROPOLITANA METRO DE QUITO,54370770.32,130
GOBIERNO AUTONOMO DESCENTRALIZADO PROVINCIAL  DE EL ORO,52034747.8,183
GOBIERNO AUTONOMO DESCENTRALIZADO MUNICIPAL DEL CANTON CUENCA,46027751.51,285
Empresa Publica Municipal para la Gestion de Riesgos y Control de Seguridad de Guayaquil SEGURA EP,43564221.72,106
GOBIERNO PROVINCIAL DE LOS RIOS,42156944.01,136
HOSPITAL DE ESPECIALIDADES JOSÉ CARRASCO ARTEAGA,41893950.47,596
GAD DE LA PROVINCIA DE MORONA SANTIAGO,40088055.07,302
GOBIERNO AUTONOMO DESCENTRALIZADO DE LA PROVINCIA DE ORELLANA,39414228.56,890
GOBIERNO AUTONOMO DESCENTRALIZADO DE SAN MIGUEL DE IBARRA,38231390.03,412
EMPRESA DE PRODUCCION Y DESARROLLO ESTRATEGICO DE LA UNIVERSIDAD ESTATAL DE MILAGRO,36555634.08,117
GOBIERNO AUTONOMO DESCENTRALIZADO MUNICIPAL  DE MACHALA,33959322.54,311
GOBIERNO AUTONOMO DESCENTRALIZADO DE LA PROVINCIA DE PICHINCHA,32919021.009999998,398
EMPRESA ELECTRICA REGIONAL CENTROSUR C.A.,32063653.63,353
HOSPITAL DE ESPECIALIDADES - TEODORO MALDONADO CARBO,31471702.259999998,267
GOBIERNO AUTONOMO DESCENTRALIZADO DE LA PROVINCIA DEL CARCHI,30636771.21,337
DIRECCION GENERAL REGISTRO CIVIL,30416342.990000002,129
GOBIERNO AUTONOMO DESCENTRALIZADO DE LA PROVINCIA DE SUCUMBIOS,28985117.06,104
GOBIERNO AUTONOMO DESCENTRALIZADO MUNICIPALIDAD DE AMBATO,28302045.11,517
HOSPITAL GENERAL DEL NORTE DE GUAYAQUIL LOS CEIBOS,28271828.24,307
"Empresa Pública Municipal de Telecomunicaciones, Agua Potable, Alcantarillado y Saneamiento de Cuenca ETAPA EP",27581482.17,197
GOBIERNO AUTONOMO DESCENTRALIZADO MUNICIPAL DE TENA,27517083.61,164
Hospital General del Sur de Quito,26488609.06,381
Hospital Eugenio Espejo,26242714.2,240
GOBIERNO AUTONOMO DESCENTRALIZADO MUNICIPAL DEL CANTON CHONE,26117816.19,125
SERVICIO INTEGRADO DE SEGURIDAD ECU 911,25943115.84,110
GOBIERNO AUTONOMO DESCENTRALIZADO MUNICIPAL DEL CANTÓN PASTAZA,23325062.53,369
GOBIERNO AUTONOMO DESCENTRALIZADO DE LA PROVINCIA DE ESMERALDAS,23302245.47,191
GOBIERNO AUTONOMO DESCENTRALIZADO MUNICIPAL DEL CANTON PORTOVIEJO,23192551.669999998,209
EMPRESA PUBLICA METROPOLITANA DE TRANSPORTE DE PASAJEROS DE QUITO,23151923.86,83
GOBIERNO MUNICIPAL DEL CANTON AGUARICO,22707421.560000002,116
GOBIERNO AUTONOMO DESCENTRALIZADO PROVINCIAL DE ZAMORA CHINCHIPE,22206764.53,154
BANCO CENTRAL DEL ECUADOR,21420719.31,167
Empresa Pública Metropolitana de Gestión Integral de Residuos Sólidos,21226424.18,114
GOBIERNO AUTÓNOMO DESCENTRALIZADO PROVINCIAL DEL AZUAY,21150473.99,273
GOBIERNO AUTONOMO DESCENTRALIZADO MUNICIPAL DEL CANTON RUMIÑAHUI GADMUR,21090399.8,289
Municipio del Cantón El Empalme,20950861.48,259
HOSPITAL GENERAL MANTA,20491176.74,253
GOBIERNO AUTONOMO DESCENTRALIZADO MUNICIPAL DE SALINAS,19621027.07,175
GOBIERNO AUTONOMO DESCENTRALIZADO MUNICIPAL FRANCISCO DE ORELLANA,19309164.91,198
GOBIERNO AUTONOMO DESCENTRALIZADO DEL CANTON RIOBAMBA,18918065.02,559
EMPRESA PUBLICA METROPOLITANA DE ASEO,18802228.36,171
GOBIERNO PROVINCIAL DE LOJA,18382487.64,216
GOBIERNO AUTONOMO DESCENTRALIZADO ILUSTRE MUNICIPALIDAD DEL CANTON DAULE,18194665.54,318
GOBIERNO PROVINCIAL DE TUNGURAHUA,17708152.51,271
HOSPITAL GENERAL-BABAHOYO,17690563.31,287
GOBIERNO AUTONOMO DESCENTRALIZADO MUNICIPAL DEL CANTON SAMBORONDON,17666533.26,274
GAD PROVINCIAL DE NAPO,17626997.56,255
GOBIERNO AUTONOMO DESCENTRALIZADO PROVINCIAL DE PASTAZA,17570454.9,223
GOBIERNO AUTONOMO DESCENTRALIZADO MUNICIPAL DEL CANTON BABAHOYO - GADM DE BABAHOYO,17509663.21,152
"DIRECCION DISTRITAL 09D05-TARQUI-1, TENGUEL-GUAYAS-MIT",17325775.25,7
"EMPRESA PUBLICA MUNICIPAL DE PARQUES, AREAS VERDES Y ESPACIOS PUBLICOS DE GUAYAQUIL",17217083.58,78
BANECUADOR B.P.,17162163.43,402
EMPRESA ELECTRICA REGIONAL DEL SUR S.A.,17035322.93,147
HOSPITAL GENERAL - MILAGRO,16745649.52,323
GOBIERNO AUTONOMO DESCENTRALIZADO MUNICIPAL DEL CANTON LA JOYA DE LOS SACHAS,16620101.24,327
CONSEJO NACIONAL ELECTORAL,16617735.2,64
GOBIERNO AUTONOMO DESCENTRALIZADO PROVINCIAL DE SANTO DOMINGO DE LOS TSACHILAS,16521436.73,78
GOBIERNO AUTONOMO DESCENTRALIZADO PROVINCIAL DE IMBABURA,16417259.5,206
MINISTERIO DE SALUD PUBLICA MATRIZ,16396083.59,66
EMPRESA PUBLICA METROPOLITANA DE HABITAT Y VIVIENDA,16101546.450000001,110
CUERPO DE BOMBEROS DEL DISTRITO METROPOLITANO DE QUITO,15730557.94,308
GOBIERNO AUTONOMO DESCENTRALIZADO MUNICIPAL DE LAGO AGRIO,15573071.5,168
ULEAM,15445138.85,22
Escuela Superior Politécnica del Litoral,15367695.6,338
HOSPITAL PEDIATRICO BACA ORTIZ,15278542.22,219
GOBIERNO AUTONOMO DESCENTRALIZADO MUNICIPAL DE SANTO DOMINGO,15185540.010000002,102
UNIVERSIDAD ESTATAL DE MILAGRO,15129981.85,122
Hospital Guayaquil Abel Gilbert Ponton,15041666.2,186
AUTORIDAD AEROPORTUARIA DE GUAYAQUIL FUNDACION DE LA M.I MUNICIPALIDAD DE GUAYAQUIL,14995389.91,66
GOBIERNO AUTONOMO DESCENTRALIZADO MUNICIPAL DEL CANTON MEJIA,14925667.42,267
GOBIERNO AUTONOMO DESCENTRALIZADO DE LA PROVINCIA DE COTOPAXI,14749959.56,133
EMPRESA ELECTRICA RIOBAMBA S.A. ,14666547.26,70
ILUSTRE MUNICIPALIDAD DE SANTA ELENA,14665974.4,128
UNIVERSIDAD DE LAS FUERZAS ARMADAS  ESPE,14409750.87,265
ELECTRO GENERADORA DEL AUSTRO S.A.,14323259.48,186
EMPRESA ELECTRICA REGIONAL NORTE S.A.,14320456.98,99
SERVICIO DE RENTAS INTERNAS,14086650.540000001,596
Universidad Nacional de Chimborazo,14038324.7,140
PRESIDENCIA DE LA REPUBLICA,13906115.39,33
CUERPO DE INGENIEROS DEL EJERCITO,13817415.51,252
EMPRESA ELECTRICA AMBATO REGIONAL CENTRO NORTE S.A.,13599653.58,232
EMPRESA PUBLICA MUNICIPAL DE URBANIZACION Y VIVIENDA EMUVI EP,13452648.149999999,14
MUNICIPIO DE LOJA,13292880.13,236
"AGENCIA NACIONAL DE REGULACIÓN Y CONTROL DEL TRANSPORTE TERRESTRE, TRÁNSITO Y SEGURIDAD VIAL",12705477.68,22
UNIVERSIDAD DE GUAYAQUIL,12264832.43,344
UNIVERSIDAD TECNICA ESTATAL DE QUEVEDO,12154392.64,144
FUERZA TERRESTRE ,12085124.01,126
HOSPITAL DE ESPECIALIDADES FUERZAS ARMADAS NO. 1,11881685.72,309
DIRECCION DISTRITAL 08D01-ESMERALDAS-ESMERALDAS-MTOP,11785534.85,44
HOSPITAL GENERAL MACHALA,11578443.24,182
GOBIERNO AUTONOMO DESCENTRALIZADO MUNICIPAL DEL CANTON ESMERALDAS,11494144.67,47
Gob. Prov. del Cañar,11451286.24,189
EMPRESA PUBLICA DE INFRAESTRUCTURA Y VIALIDAD DE MANABI MANABI VIAL EP,11408651.79,69
GAD MUNICIPAL DE QUININDE,11216482.77,128
UNIVERSIDAD NACIONAL DE LOJA,11199140.57,123
EMPRESA PUBLICA - EMPRESA MUNICIPAL DE AGUA POTABLE Y ALCANTARILLADO DE AMBATO,11193889.18,181
GOBIERNO AUTONOMO DESCENTRALIZADO INTERCULTURAL Y PLURINACIONAL DEL MUNICIPIO DE CAYAMBE,11085153.45,170
HOSPITAL GENERAL IESS SANTO DOMINGO,11034934.75,304
UNIVERSIDAD TECNICA DE COTOPAXI ,11029020.09,139
GOBIERNO AUTONOMO DESCENTRALIZADO MUNICIPAL DEL CANTON QUEVEDO,10916147.13,363
EMPRESA PUBLICA MUNICIPAL DE ASEO DE CUENCA EMAC - EP,10862721.3,140
GOBIERNO AUTONOMO DESCENTRALIZADO MUNICIPAL DE EL PANGUI,10772928.67,189
GOBIERNO AUTONOMO DESCENTRALIZADO MUNICIPAL DE ZAMORA,10726004.51,353
HOSPITAL DE ESPECIALIDADES PORTOVIEJO,10661423.02,117
ESCUELA SUPERIOR POLITECNICA DE CHIMBORAZO,10650312.01,272
Fundacion Terminal Terrestre de Guayaquil,10594746.059999999,173
Empresa Publica del Agua EPA EP,10399282.67,53
SECRETARÍA TÉCNICA DE GESTIÓN INMOBILIARIA DEL SECTOR PÚBLICO,10306584.879999999,103
DIGMAT,10263067.91,54
GOBIERNO AUTONOMO DESCENTRALIZADO MUNICIPAL DEL CANTON MANTA,10184279.65,78
SERVICIO NACIONAL DE ADUANA DEL ECUADOR,10147842.959999999,28
GOBIERNO AUTONOMO DESCENTRALIZADO MUNICIPAL DEL CANTON OTAVALO,10044627.85,221
GOBIERNO AUTONOMO DESCENTRALIZADO MUNICIPAL DEL CANTON DURAN,9825087.48,155
COORDINACION ZONAL 4,9776802.28,708
UNIVERSIDAD DE CUENCA,9655028.05,300
EMPRESA PUBLICA METROPOLITANA DE LOGISTICA PARA LA SEGURIDAD Y LA CONVIVENCIA CIUDADANA EP,9591765.629999999,139
HONORABLE GOBIERNO AUTONOMO DESCENTRALIZADO DE LA PROVINCIA DE CHIMBORAZO,9021902.87,139
UNIVERSIDAD POLITECNICA ESTATAL DEL CARCHI,8973355.38,237
GOBIERNO AUTÓNOMO DESCENTRALIZADO DEL CANTÓN GUARANDA,8834108.59,88
Universidad Tecnica de Machala,8825405.11,250
GOBIERNO MUNICIPAL DEL CANTON EL CARMEN,8815901.67,212
GOBIERNO AUTONOMO DESCENTRALIZADO MUNICIPAL DE TULCÁN,8780335.29,105
GOBIERNO AUTONOMO DESCENTRALIZADO MUNICIPAL DEL CANTON MUISNE,8653178.860000001,37
MUNICIPIO DE MORONA,8623752.4,127
HOSPITAL GENERAL GUASMO SUR,8600407.0,128
GOBIERNO AUTONOMO DESCENTRALIZADO MUNICIPAL DE SANTA CRUZ,8581868.52,46
EMPRESA PUBLICA DE MOVILIDAD TRANSITO Y TRANSPORTE DE CUENCA,8457455.41,153
HOSPITAL GENERAL - PORTOVIEJO,8448466.81,315
MUNICIPIO DE CHONE,8421154.2,75
GOBIERNO AUTONOMO DESCENTRALIZADO DE LA PROVINCIA BOLIVAR,8320782.89,82
GOBIERNO AUTONOMO DESCENTRALIZADO MUNICIPAL DEL CANTON LA CONCORDIA,8206092.74,106
HOSPITAL VICENTE CORRAL MOSCOSO,8198349.45,378
"SECRETARIA DE EDUCACION SUPERIOR, CIENCIA, TECNOLOGIA E INNOVACION",8131292.56,105
HOSPITAL GENERAL RIOBAMBA,8119290.1,249
Municipio de Urdaneta,8048410.149999999,26
"CENTRO CLINICO QUIRURGICO AMBULATORIO HOSPITAL DEL DIA ""MARIA ROSA PARRA ARREAGA"" CCQA-HD SAMBORONDON",8016289.84,92
GOBIERNO AUTÓNOMO DESCENTRALIZADO MUNICIPAL DEL CANTON SHUSHUFINDI,7885285.74,173
UNIVERSIDAD TECNICA DE BABAHOYO,7828761.29,103
Universidad Técnica de Manabí,7726883.890000001,130
DIRECCION GENERAL DE AVIACION CIVIL,7604273.37,80
GOBIERNO AUTONOMO DESCENTRALIZADO MUNICIPAL DE YANTZAZA,7588170.92,241
SECRETARIA NACIONAL DE GESTION DE RIESGOS,7514818.72,103
GOBIERNO AUTONOMO DESCENTRALIZADO MUNICIPAL DEL CANTÓN SUCÚA,7476033.19,62
GOBIERNO AUTONOMO DESCENTRALIZADO MUNICIPAL DE TAISHA,7462917.45,216
BENEMERITO CUERPO DE BOMBEROS DE GUAYAQUIL  ,7462067.21,204
Gobierno Municipal de Arajuno,7445922.78,219
CENTRO CLÍNICO QUIRÚRGICO AMBULATORIO (HOSPITAL DEL DÍA) EFREN JURADO LOPEZ,7425607.69,187
GOBIERNO AUTONOMO DESCENTRALIZADO MUNICIPAL DEL CANTON HUAQUILLAS,7422743.319999999,251
HOSPITAL GENERAL- SAN FRANCISCO,7422277.82,214
MUNICIPIO DEL CANTON PASAJE,7406422.35,228
COORDINACION ZONAL DE EDUCACION ZONA 2,7356000.89,431
MUNICIPIO DE MILAGRO,7309274.859999999,142
HOSPITAL PROVINCIAL GENERAL PABLO ARTURO SUAREZ,7287483.76,168
CENTRO CLINICO QUIRURGICO AMBULATORIO HOSPITAL DEL DIA SUR VALDIVIA,7281866.7,96
"EMPRESA PÚBLICA MUNICIPAL MANCOMUNADA DE AGUA POTABLE, ALCANTARILLADO SANITARIO Y PLUVIAL Y DEPURACION Y APROVECHAMIENTO DE AGUAS RESIDUALES SANEAMIENTO AGUAPEN-EP",7273346.54,55
GOBIERNO AUTONOMO DESCENTRALIZADO MUNICIPAL DEL CANTON PLAYAS,7135593.18,33
MUNICIPALIDAD DEL CANTON VALENCIA  ,7065596.4399999995,434
GOBIERNO AUTONOMO DESCENTRALIZADO MUNICIPAL DE SIGSIG,7025995.06,113
DIRECCION DE MOVILIZACION DEL COMANDO CONJUNTO DE LAS FUERZAS ARMADAS,6966415.86,20
MINISTERIO DE RELACIONES EXTERIORES,6959379.51,74
"CENTRO MEDICO FAMILIAR INTEGRAL Y ESPECIALIDADES, DIALISIS LA MARISCAL",6901139.63,285
HOSPITAL DEL NIÑO FY,6876475.26,79
HOSPITAL DE ESPECIALIDADES QUITO NO.1 DE LA POLICIA NACIONAL DEL ECUADOR,6820994.97,79
GOBIERNO MUNICIPAL DE QUIJOS,6779386.92,70
EMPRESA PUBLICA DE ESMERALDAS CONSTRUYE SU DESARROLLO,6770793.96,9
GOBIERNO MUNICIPAL DE CUYABENO,6748765.62,23
GOBIERNO AUTONOMO DESCENTRALIZADO PROVINCIAL DE SANTA ELENA,6718667.63,86
GOBIERNO AUTONOMO DESCENTRALIZADO MUNICIPAL DEL CANTÓN LA LIBERTAD,6631819.82,235
GOBIERNO MUNICIPAL DE ARCHIDONA,6588944.83,44
HOSPITAL GENERAL LATACUNGA,6586152.85,335
HOSPITAL GENERAL DOCENTE DE CALDERON,6545475.67,112
MUNICIPIO DE BUENA FE,6530733.7299999995,163
GOBIERNO AUTONOMO DESCENTRALIZADO MUNICIPAL DEL CANTON CAMILO PONCE ENRIQUEZ,6526835.43,44
HOSPITAL GENERAL ENRIQUE GARCES,6441449.22,163
GOBIERNO AUTONOMO DESCENTRALIZADO MUNICIPAL DE EL GUABO,6429319.23,65
DIRECCION NACIONAL DE ATENCION INTEGRAL EN SALUD PLANTA CENTRAL,6351777.9,319
HOSPITAL GÍNECO OBSTÉTRICO PEDIÁTRICO DE NUEVA AURORA LUZ ELENA ARISMENDI,6327096.86,183
GOBIERNO AUTONOMO DESCENTRALIZADO DEL CANTON CENTINELA DEL CONDOR,6254900.87,154
Gobierno Municipal de San Jacinto de Yaguachi,6144853.37,249
CONTRALORIA GENERAL DEL ESTADO,6143388.6,273
HOSPITAL GENERAL MANUEL YGNACIO MONTEROS,6140272.99,268
Hospital General Dr. Enrique Ortega Moreira,6124912.859999999,20
"Guayaquil Siglo XXI, Fundación Municipal para la Regeneración Urbana",5995033.12,51
GOBIERNO AUTONOMO DESCENTRALIZADO MUNICIPAL DE ANTONIO ANTE,5984305.31,225
HOSPITAL GENERAL - AMBATO,5950867.32,172
UNIVERSIDAD REGIONAL AMAZÓNICA IKIAM,5858283.8,213
GOBIERNO AUTONOMO DESCENTRALIZADO MUNICIPAL DEL CANTON SANTIAGO,5761508.61,99
EMPRESA ELECTRICA PROVINCIAL COTOPAXI S.A.,5728095.14,27
SUBSECRETARIA DE EDUCACION DEL DISTRITO METROPOLITANO DE QUITO,5720207.38,408
GOBIERNO AUTONOMO DESCENTRALIZADO MUNICIPAL DEL CANTON BAÑOS DE AGUA SANTA,5717493.17,112
HOSPITAL GENERAL IBARRA,5659496.8,233
HOSPITAL GENERAL FRANCISCO DE ORELLANA,5627621.61,126
HOSPITAL BASICO - DURAN,5626107.96,199
"EMPRESA PUBLICA MUNICIPAL DE TRANSITO Y MOVILIDAD DE GUAYAQUIL, E.P.",5623949.44,68
CUERPO DE BOMBEROS DE AMBATO,5616211.29,78
ESCUELA POLITÉCNICA NACIONAL,5569168.74,144
GOBIERNO AUTONOMO DESCENTRALIZADO MUNICIPAL INTERCULTURAL Y PLURINACIONAL DEL CANTON PALORA,5445789.2,148
MINISTERIO DE PRODUCCION COMERCIO EXTERIOR E INVERSIONES,5432014.47,58
Benemérito Cuerpo de Bomberos Voluntarios de Cuenca,5412898.94,165
GOBIERNO AUTONOMO DESCENTRALIZADO MUNICIPAL DEL CANTON SALCEDO,5383457.61,314
GOBIERNO AUTONOMO DESCENTRALIZADO MUNICIPAL DEL CANTON NARANJAL GADMCN,5369528.68,159
CENTRO CLINICO QUIRURGICO AMBULATORIO HOSPITAL DEL DIA NORTE-TARQUI,5351231.33,206
GOBIERNO AUTONOMO DESCENTRALIZADO DEL CANTON NANGARITZA,5348279.73,34
SERVICIO NACIONAL DE MEDICINA LEGAL Y CIENCIAS FORENSES,5310936.07,90
DIRECCION DISTRITAL 13D01 - PORTOVIEJO - MANABI -MTOP,5310777.239999999,8
GAD MUNICIPAL DE GUALAQUIZA,5284050.399999999,159
GOBIERNO AUTONOMO DESCENTRALIZADO MUNICIPAL DEL CANTON SIMON BOLIVAR,5279097.46,101
DIRECCIÓN ZONAL ZONA 8 - SECRETARIA TÉCNICA DE GESTIÓN INMOBILIARIA DEL SECTOR PÚBLICO,5277603.13,40
JUNTA PARROQUIAL SAN VICENTE DE HUATICOCHA,5228627.15,59
GOBIERNO AUTONOMO DESCENTRALIZADO MUNICIPAL DEL CANTON JIPIJAPA,5204522.050000001,143
GOBIERNO AUTONOMO DESCENTRALIZADO MUNICIPAL DEL CANTON GUANO,5194900.64,448
GOBIERNO AUTÓNOMO DESCENTRALIZADO MUNICIPAL DEL CANTÓN PENIPE,5149859.85,211
Consejo de la Judicatura,5144506.97,165
HOSPITAL GENERAL MONTE SINAI,5106612.92,62
GOBIERNO AUTONOMO DESCENTRALIZADO MUNICIPAL DE SALITRE,5100494.37,108
UNIVERSIDAD ESTATAL PENINSULA DE SANTA ELENA,5077093.56,203
COORDINACIÓN ZONAL 8 - SALUD,5066363.38,41
UNIVERSIDAD DE INVESTIGACIÓN DE TECNOLOGÍA EXPERIMENTAL YACHAY,5047952.15,186
"COORDINACION ZONAL DE EDUCACION, ZONA 3",5027246.74,730
GOBIERNO AUTONOMO DESCENTRALIZADO MUNICIPAL DEL CANTON GUALACEO,5021481.87,54
EMPRESA ELECTRICA PROVINCIAL GALAPAGOS S.A. ,4980900.13,96
GOBIERNO AUTONOMO DESCENTRALIZADO MUNICIPAL LA TRONCAL,4940460.34,265
EMPRESA PUBLICA MUNICIPAL DE ACCION SOCIAL Y EDUCACION DE GUAYAQUIL,4938586.74,52
Municipio El Chaco,4914405.83,129
Gobierno Autónomo Descentralizado Municipal de Limón Indanza,4910350.7,160
GOBIERNO AUTONOMO DESCENTRALIZADO MUNICIPAL DE SANTA ANA DE COTACACHI,4910168.42,86
"Escuela Superior Politecnica Agropecuaria de Manabi ""Manuel Felix Lopez""",4907343.08,135
HOSPITAL JOSE MARIA VELASCO IBARRA DE TENA,4894515.88,98
UNIVERSIDAD TÉCNICA DE AMBATO,4856648.41,343
GOBIERNO AUTONOMO DESCENTRALIZADO MUNICIPAL DE CASCALES,4787983.51,32
HOSPITAL PROVINCIAL GENERAL DOCENTE RIOBAMBA,4742276.68,195
GOBIERNO AUTONOMO DESCENTRALIZADO MUNICIPAL DEL CANTON SANTA ROSA,4736833.36,89
CONSEJO DE GOBIERNO DEL REGIMEN ESPECIAL DE GALAPAGOS,4725067.74,52
MUNICIPIO DE LORETO,4700536.29,85
GOBIERNO AUTONOMO DESCENTRALIZADO MUNICIPAL DEL CANTON ALAUSI,4691882.15,379
GOBIERNO AUTÓNOMO DESCENTRALIZADO MUNICIPAL DEL CANTÓN PAUTE,4638624.33,378
EMPRESA PUBLICA MUNICIPAL DE AGUA POTABLE Y ALCANTARILLADO DE SANTO DOMINGO,4605755.35,135
ACERIAS NACIONALES DEL ECUADOR SOCIEDAD ANONIMA (A.N.D.E.C.),4551758.34,98
GOBIERNO AUTONOMO DESCENTRALIZADO MUNICIPAL DEL CANTON GUAMOTE,4539892.89,328
DIRECCION DISTRITAL 17D03,4518890.16,17
GOBIERNO AUTONOMO DESCENTRALIZADO MUNICIPAL DEL CANTON LATACUNGA,4492202.74,77
Coordinación de Educación Zonal 6,4419540.4,318
HOSPITAL DOCENTE DE AMBATO,4419206.2700000005,221
GOBIERNO AUTONOMO DESCENTRALIZADO PARROQUIAL RURAL DE CHONTA PUNTA,4415546.699999999,12
COORDINACION ZONAL 1 - EDUCACION,4397484.63,343
GOBIERNO MUNICIPAL DE MOCACHE,4332825.24,30
GOBIERNO AUTONOMO DESCENTRALIZADO PARROQUIAL RURAL LOS ENCUENTROS,4311620.25,9
DIRECCION DISTRITAL 12D01-BABA-BABAHOYO-MONTALVO- LOS RIOS-MIT,4307769.34,3
GOBIERNO MUNICIPAL DEL CANTON PABLO SEXTO,4284735.23,195
GOBIERNO AUTONOMO DESCENTRALIZADO MUNICIPAL DEL CANTON VINCES GADMV,4254967.14,129
INSTITUTO GEOGRAFICO MILITAR,4199027.0,124
HOSPITAL GENERAL QUEVEDO,4173909.08,157
GOBIERNO AUTONOMO DESCENTRALIZADO MUNICIPAL DE TIWINTZA,4162317.73,23
"COORDINACION ZONAL DE EDUCACION,ZONA7",4146797.63,457
GOBIERNO AUTONOMO DESCENTRALIZADO MUNICIPALDE SANTIAGO DE PILLARO,4126535.78,159
MINISTERIO DE INFRAESTRUCTURA Y TRANSPORTE MIT,4100451.19,39
CENTRO DE ESPECIALIDADES CENTRAL GUAYAS,3991501.25,169
Universidad Estatal del Sur de Manabí,3925358.42,205
CENTRO CLINICO QUIRURGICO AMBULATORIO HOSPITAL DEL DÍA CENTRAL QUITO,3898964.2199999997,244
"CONSEJO MUNICIPAL DE SEGURIDAD CIUDADANA DE AMBATO ""COMSECA""",3882979.21,23
DIRECCION DISTRITAL 09D04 - FEBRES CORDERO - SALUD,3881014.3,52
GOBIERNO AUTONOMO DESCENTRALIZADO MUNICIPAL DEL CANTON COLTA,3879575.42,238
Empresa Pública Municipal de Tránsito y Movilidad de Durán,3868014.05,43
GAD MUNICIPAL DE AZOGUES,3821461.09,190
COMISION DE TRÁNSITO DEL ECUADOR,3801309.21,38
GOBIERNO AUTONOMO DESCENTRALIZADO MUNICIPAL INTERCULTURAL DE  SARAGURO,3725938.52,99
HOSPITAL GENERAL ESMERALDAS SUR-DELFINA TORRES DE CONCHA,3708829.06,155
EMPRESA PUBLICA DE SERVICIOS GENERALES E INGENIERIA UTM,3708633.67,49
GOBIERNO AUTONOMO DESCENTRALIZADO MUNICIPAL DEL CANTON PAJAN,3681962.8,41
EMPRESA ELECTRICA PROVINCIAL COTOPAXI SA ELEPCOSA,3672335.99,2
MIES,3662637.35,36
EMPRESA PUBLICA FLOTA PETROLERA ECUATORIANA -EP FLOPEC-,3639164.41,44
"EMPRESA PUBLICA MUNICIPAL DE TRANSPORTE TERRESTRE, TRANSITO, SEGURIDAD VIAL Y TERMINALES TERRESTRES DE SANTO DOMINGO EPMT-SD",3628789.97,37
DIRECCION PROVINCIAL DEL CONSEJO DE LA JUDICATURA - GUAYAS,3597250.6799999997,21
ISSFA,3520759.01,228
GOBIERNO MUNICIPAL DEL CANTON HUAMBOYA,3516540.79,341
GOBIERNO AUTONOMO DESCENTRALIZADO PARROQUIAL RURAL DE FATIMA,3512551.35,54
GOBIERNO AUTONOMO DESCENTRALIZADO MUNICIPAL DE CATAMAYO,3500612.61,100
HOSPITAL PROVINCIAL GENERAL ISIDRO AYORA,3499351.98,207
HOSPITAL RODRIGUEZ ZAMBRANO MANTA,3498955.67,13
DIRECCION DISTRITAL 17D06 CHILIBULO A LLOA SALUD,3496455.01,17
COORDINACIÓN ZONAL 4-SALUD,3482611.72,82
Universidad Estatal Amazonica,3478347.09,113
"EMPRESA PUBLICA MUNICIPAL DE AGUA POTABLE, ALCANTARILLADO, MANEJO PLUVIAL Y DEPURACION DE RESIDUOS LIQUIDOS DEL CANTON MANTA",3475404.9299999997,34
GOBIERNO AUTONOMO DESCENTRALIZADO MUNICIPAL DEL CANTON FLAVIO ALFARO,3448607.3400000003,19
Hospital Gíneco Obstétrico Isidro Ayora,3442982.3200000003,199
GOBIERNO AUTÓNOMO DESCENTRALIZADO MUNICIPAL DEL CANTÓN PEDRO MONCAYO,3435410.9699999997,450
UNIVERSIDAD DE LAS ARTES,3373389.81,188
GOBIERNO AUTONOMO DESCENTRALIZADO MUNICIPAL DEL CANTON PUERTO QUITO,3362777.61,325
DIRECCION DISTRITAL 09D24 - DURAN - SALUD,3345713.6,19
UNIVERSIDAD ESTATAL DE BOLIVAR,3307880.02,124
GOBIERNO AUTONOMO DESCENTRALIZADO PARROQUIAL RURAL TARACOA,3294151.71,53
GOBIERNO AUTONOMO DESCENTRALIZADO MUNICIPAL DEL CANTON SAN PEDRO DE PELILEO,3275275.77,65
HOSPITAL GENERAL LEON BECERRA,3269015.07,22
GOBIERNO AUTONOMO DESCENTRALIZADO PARROQUIAL RURAL  SAN SEBASTIAN DEL COCA,3261207.81,61
Universidad Técnica del Norte,3238627.29,136
HOSPITAL UNIVERSITARIO DE GUAYAQUIL,3237614.77,18
GOBIERNO AUTÓNOMO DESCENTRALIZADO MUNICIPAL DE SAN PEDRO DE PIMAMPIRO,3233042.15,140
"MINISTERIO DE AGRICULTURA, GANADERIA Y PESCA",3229624.96,203
MUNICIPIO DE ISABELA,3211342.43,22
GOBIERNO AUTONOMO DESCENTRALIZADO PARROQUIAL RURAL DE SARAYACU,3190030.36,34
SUBSECRETARIA DE EDUCACION DEL DISTRITO DE GUAYAQUIL,3151113.62,326
EMPRESA PUBLICA METROPOLITANA DE SERVICIOS AEROPORTUARIOS Y GESTION DE ZONAS FRANCAS Y REGIMENES ESPECIALES,3148818.71,71
"EMPRESA TURISTICA DE PICHINCHA MITAD DEL MUNDO ""EP""",3143359.58,35
INSTITUTO NACIONAL DE INVESTIGACIONES AGROPECUARIAS,3085045.1199999996,70
GOBIERNO AUTONOMO DESCENTRALIZADO PARROQUIAL RURAL DAYUMA,3078347.82,4
JUNTA PARROQUIAL TRES DE NOVIEMBRE,3076859.81,74
Empresa Pública de Áridos y Asfaltos del Azuay,3047428.12,112
GOBIERNO AUTONOMO DESCENTRALIZADO MUNICIPAL SAN MIGUEL DE BOLIVAR,3034744.59,111
PARQUE NACIONAL GALAPAGOS,3022020.2199999997,28
Fondo Ecuatoriano Populorum Progressio,3017415.88,9
EMPRESA PUBLICA MUNICIPAL DE AGUA POTABLE Y SANEAMIENTO DE PORTOVIEJO EP,2991846.18,116
GOBIERNO AUTONOMO DESCENTRALIZADO DE LA PARROQUIA RURAL SIMON BOLIVAR,2982301.32,3
GOBIERNO AUTONOMO DESCENTRALIZADO MUNICIPAL DEL CANTON PICHINCHA,2965895.83,127
GOBIERNO AUTONOMO DESCENTRALIZADO PARROQUIAL RURAL NUEVO PARAISO,2955058.4899999998,7
DIRECCION HOSPITALARIA GUAYAQUIL,2930519.09,80
Universidad Central del Ecuador,2917138.33,153
ASAMBLEA NACIONAL,2898578.85,32
GOBIERNO AUTONOMO DESCENTRALIZADO MUNICIPAL DEL CANTÓN CHIMBO,2891023.11,79
GOBIERNO AUTONOMO DESCENTRALIZADO PARROQUIAL RURAL EL DORADO,2883640.43,4
GOBIERNO AUTONOMO DESCENTRALIZADO MUNICIPAL DE SIGCHOS,2877097.0100000002,151
CORPORACION FINANCIERA NACIONAL B.P.,2849325.83,82
CENTRO CLINICO QUIRURGICO AMBULATORIO HOSPITAL DEL DIA SANGOLQUI,2846613.7399999998,180
HOSPITAL BÁSICO-ESMERALDAS,2842414.09,207
GOBIERNO AUTONOMO DESCENTRALIZADO MUNICIPAL DEL CANTON MONTALVO,2827067.85,31
INSTITUTO OCEANOGRÁFICO Y ANTÁRTICO DE LA ARMADA,2826399.93,54
Direccion Distrital 24D01 Santa Elena Educacion,2820106.99,135
GOBIERNO AUTÓNOMO DESCENTRALIZADO MUNICIPAL DEL CANTÓN GONZALO PIZARRO,2796122.4499999997,169
GOBIERNO AUTONOMO DESCENTRALIZADO MUNICIPAL DE SANTA CLARA,2789098.6399999997,350
GOBIERNO AUTONOMO DESCENTRALIZADO MUNICIPAL DE SAN MIGUEL DE URCUQUÍ,2785562.13,306
GOBIERNO AUTONOMO DESCENTRALIZADO MUNICIPAL DEL CANTON MONTECRISTI,2778961.63,48
DIRECCION DISTRITAL 17D06 PARROQUIAS URBANAS: (CHILIBULO A LA FERROVIARIA) Y PARROQUIAS RURALES: (LLOA) EDUCACION,2760543.9299999997,50
ESTACION NAVAL DE QUITO,2743007.77,121
GOBIERNO AUTONOMO DESCENTRALIZADO MUNICIPAL DE ATACAMES,2724899.29,71
GOBIERNO AUTONOMO DESCENTRALIZADO MUNICIPAL DE MONTUFAR,2723207.48,176
Gobierno Municipal de Santa Lucia,2715890.1,40
COMANDO CONJUNTO,2714690.86,261
EPMGESTITRANSVT,2685049.85,93
EMPRESA MUNICIPAL DE AGUA POTABLE Y ALCANTARILLADO DE GUAYAQUIL EP - EMAPAG EP,2675322.36,92
MUNICIPIO DE COTACACHI,2672224.06,163
MUNICIPIO DE CALVAS,2654676.39,132
GOBIERNO AUTONOMO DESCENTRALIZADO MUNICIPAL DEL CANTON LOMAS DE SARGENTILLO,2652084.16,39
ESTACION NAVAL CENTRO,2651383.25,369
EMPRESA PUBLICA MUNICIPAL DE TRANSITO MOVILIDAD Y VIGILANCIA CIUDADANA DE SAMBORONDON,2637811.72,80
GOBIERNO AUTONOMO DESCENTRALIZADO PARROQUIAL RURAL DE CONONACO,2637505.81,31
HOSPITAL NAVAL GUAYAQUIL,2625323.79,206
HOSPITAL DE ATENCION INTEGRAL DEL ADULTO MAYOR,2621312.0100000002,79
"EMPRESA PUBLICA MUNICIPAL DE TRANSPORTE TERRESTRE, TRANSITO Y SEGURIDAD VIAL DEL CANTON PORTOVIEJO EP, PORTOVIAL EP",2620587.54,81
MUNICIPIO DE SUSCAL,2597322.69,230
DIRECCION DISTRITAL 09D08 PASCUALES 2 SALUD,2588221.33,21
EMPRESA PÚBLICA DE LA UNIVERSIDAD DE CUENCA - UCUENCA EP,2586338.98,175
Empresa Pública Metropolitana de Gestión de Destino Turístico,2570895.56,63
EMPRESA PUBLICA MUNICIPAL PARA LA GESTION INTEGRAL DE LOS DESECHOS SOLIDOS DEL CANTON AMBATO,2532487.49,100
BENEMERITO CUERPO DE BOMBEROS DE MACHALA,2532444.98,58
CENTRO CLINICO QUIRURGICO AMBULATORIO HOSPITAL DEL DIA COTOCOLLAO,2524950.68,231
HOSPITAL GENERAL PUYO,2523648.33,104
MINISTERIO DEL INTERIOR,2478356.29,56
DIRECCION DISTRITAL 18D04-PATATE-SANPEDRO DE PELILEO-SALUD,2445821.98,72
BENEMERITO CUERPO DE BOMBEROS DEL CANTON DAULE,2426466.7600000002,79
GOBIERNO AUTONOMO DESCENTRALIZADO PARROQUIAL RURAL DE SAN LUIS DE ARMENIA,2423663.59,11
DIRECCION PROVINCIAL DEL CONSEJO DE LA JUDICATURA PICHINCHA,2418791.59,51
HOSPITAL BASICO ANCON,2417891.35,163
DISTRITO METROPOLITANO DE GUAYAQUIL,2415104.8800000004,94
MINISTERIO DE SALUD PUBLICA - COORDINACION ZONAL 5,2414825.88,54
UDAF-EOD DIRECCION NACIONAL DE INVESTIGACION DE POLICIA JUDICIAL,2413247.21,61
HOSPITAL PROVINCIAL DR VERDI CEVALLOS PORTOVIEJO (MANABI),2405533.29,18
Gobierno Municipal del Canton Baba,2397708.32,89
MINISTERIO DE DESARROLLO HUMANO,2397453.48,116
GOBIERNO AUTÓNOMO DESCENTRALIZADO MUNICIPAL  DEL CANTÓN BOLÍVAR,2394737.42,48
GOBIERNO MUNICIPAL DE RIOVERDE,2390734.51,17
DIRECCION NACIONAL DE CONTROL DE TRANSITO Y SEGURIDAD VIAL,2359590.4,15
DIRECCION DISTRITAL08D04,2326707.47,145
Consejo de Seguridad Ciudadana del Cantón Cuenca,2314367.14,78
GOBIERNO AUTONOMO DESCENTRALIZADO INTERCULTURAL DEL CANTON CAÑAR,2309614.39,157
MINISTERIO DE ECONOMÍA Y FINANZAS,2303785.5,79
OPERADOR NACIONAL DE ELECTRICIDAD - CENACE,2292687.19,100
Municipio del Canton Palenque,2283370.98,7
GOBIERNO AUTONOMO DESCENTRALIZADO MUNICIPAL DE PIÑAS,2274456.95,166
CENTRO DE ESPECIALIDADES -LETAMENDI,2272941.05,163
GOBIERNO AUTÓNOMO DESCENTRALIZADO MUNICIPAL DE GIRÓN,2266239.97,106
GOBIERNO AUTONOMO DESCENTRALIZADO MUNICIPAL DEL CANTON VENTANAS,2258639.5100000002,54
HOSPITAL BASICO EL PUYO,2236919.13,208
Municipio de Colimes,2222090.08,98
CENTRO CLINICO QUIRURGICO AMBULATORIO HOSPITAL DEL DIA AZOGUES,2214712.9,182
Gobierno Municipal de Eloy Alfaro,2213101.31,13
DIRECCION DISTRITAL 02D01-GUARANDA-BOLIVAR-MTOP,2200617.22,7
Empresa Publica Municipal de Agua Potable y Alcantarillado de Ibarra,2199888.01,120
HOSPITAL BASICO GUARANDA,2198134.33,184
HOSPITAL BASICO - CHONE,2178780.84,119
GOBIERNO AUTONOMO DESCENTRALIZADO MUNICIPAL INTERCULTURAL DEL CANTON SAQUISILI,2163448.82,168
DIRECCION DE LA ADMINISTRACION CENTRAL,2160466.36,77
EMPRESA PUBLICA MUNICIPAL DE AGUA POTABLE Y ALCANTARILLADO DEL CANTON MACHALA AGUAS MACHALA EP,2160038.3,29
DIRECCION DISTRITAL 01D02 - PARROQUIAS URBANAS SAN SEBASTIAN A MONAY Y PARROQUIAS RURALES BAÑOS A SANTA ANA,2127755.81,82
Municipalidad de Santa Isabel,2123801.19,66
MUNICIPIO DE GRAL ANTONIO ELIZALDE,2121948.89,56
DIRECCION DISTRITAL 13D01 - PORTOVIEJO - MANABI - MIT,2108167.66,4
GOBIERNO AUTONOMO DESCENTRALIZADO MUNICIPAL DEL CANTON SANTIAGO DE QUERO,2099871.82,164
MANCOMUNIDAD MUNDO VERDE O DEL BUEN VIVIR O SUMAK KAWSAY,2094545.16,1
EMPRESA PUBLICA METROPOLITANA MERCADO MAYORISTA DE QUITO,2071381.33,53
Universidad Agraria del Ecuador,2065487.82,150
MINISTERIO DEL TRABAJO,2064187.02,58
HOSPITAL GENERAL TEOFILO DAVILA,2059713.43,24
GOBIERNO MUNICIPAL DE MERA,2059291.5899999999,133
Municipio de San Lorenzo,2055143.5,19
GOBIERNO AUTONOMO DESCENTRALIZADO MUNICIPAL DEL CANTON CHINCHIPE,2036981.28,269
MINISTERIO DE AMBIENTE Y ENERGIA,2020742.34,13
EMPRESA PUBLICA DE SERVICIOS ESPOL - TECH E.P.,2004703.52,561
GOBIERNO AUTONOMO DESCENTRALIZADO MUNICIPAL DEL CANTON LOGROÑO,2001796.85,115
DIRECCION DISTRITAL 08D01 - ESMERALDAS - EDUCACION,1994452.3,138
DIRECCION DISTRITAL DE SALUD NO. 09D21,1983221.3599999999,24
UNIVERSIDAD NACIONAL DE EDUCACION UNAE,1980890.26,213
EMPRESA PÚBLICA DE ASEO Y GESTIÓN AMBIENTAL DEL CANTÓN LATACUNGA EPAGAL,1967524.75,88
DIRECCION DISTRITAL 12D01 BABA-BABAHOYO-MONTALVO EDUCACION,1954584.47,172
HOSPITAL MATILDE HIDALGO DE PROCEL,1938847.38,74
Gobierno Palestina,1938477.81,58
Corporacion Registro Civil de Guayaquil,1934314.0599999998,68
BANCO DE DESARROLLO DEL ECUADOR B.P.,1931403.8499999999,74
EXPLOCEN C.A.,1927360.84,36
GOBIERNO AUTONOMO DESCENTRALIZADO DEL CANTON ZAPOTILLO  ,1924668.8499999999,32
EMPRESA ELECTRICA RIOBAMBA S.A.,1920527.82,87
CUERPO DE BOMBEROS DEL CANTON LAGO AGRIO,1917584.54,75
HOSPITAL GENERAL DR. NAPOLEON DÁVILA CÓRDOVA,1914571.9,115
Municipalidad del Cantón Biblián,1898524.99,366
"MINISTERIO DE EDUCACION, DEPORTE Y CULTURA ZONA 4",1894250.81,28
"EMPRESA PUBLICA MUNICIPAL DE AGUA POTABLE, ALCANTARILLADO Y GENERACION ELECTRICA DEL CANTON MEJIA, EP",1890155.0,47
EMPRESA PUBLICA HIDROEQUINOCCIO EP.,1881176.3099999998,41
GOBIERNO AUTONOMO DESCENTRALIZADO PARROQUIAL RURAL SAN JOSE DE PAYAMINO,1871729.53,9
HOSPITAL DE INFECTOLOGIA,1862777.22,93
COORDINACION ZONAL 9 SALUD,1853668.33,77
GAD MUNICIPAL DE LAS LAJAS,1850040.85,208
GOBIERNO AUTONOMO DESCENTRALIZADO MUNICIPAL DE PUTUMAYO,1846987.06,136
FAME S.A.,1832927.18,95
HOSPITAL HOMERO CASTANIER CRESPO,1820806.6,203
Fiscalía General,1816176.12,53
GOBIERNO AUTONOMO DESCENTRALIZADO MUNICIPAL SAN JUAN BAUTISTA DE MOCHA,1804454.86,156
FAE COMANDO GENERAL,1787917.44,22
DIRECCION GENERAL DE INTELIGENCIA,1769210.29,33
MINISTERIO DE CULTURA Y PATRIMONIO,1756230.06,45
CENTRO DE ESPECIALIDADES LA LIBERTAD,1748683.89,153
COMANDANCIA GENERAL - PLANTA CENTRAL,1741451.81,40
COORDINACION ZONAL 3 - SALUD,1740459.99,166
GOBIERNO AUTONOMO DESCENTRALIZADO DE LA PARROQUIA BELLAVISTA  ZAMORA CHINCHIPE,1733873.1099999999,20
EMPRESA PUBLICA MUNICIPAL DE ASEO DE MACHALA EMAM EP,1715201.19,55
CENTRO DE ESPECIALIDADES COMITE DEL PUEBLO,1711089.81,129
GOBIERNO AUTONOMO DESCENTRALIZADO MUNICIPAL DEL CANTON CEVALLOS,1701466.06,169
HOSPITAL MARIANA DE JESUS,1699738.91,58
CUERPO DE BOMBEROS DEL CANTON MEJIA,1695792.52,74
Fundacion Museos de la Ciudad,1690737.49,121
DIRECCION DISTRITAL 22D02 LORETO-ORELLANA-EDUCACION,1690041.65,93
GOBIERNO AUTONOMO DESCENTRALIZADO MUNICIPAL DEL CANTON YACUAMBI,1686199.1,173
CENTRO CLINICO QUIRURGICO AMBULATORIO HOSPITAL DEL DIA SANTO DOMINGO,1683450.32,109
DIRECCION NACIONAL DE REGISTROS PUBLICOS,1676978.0899999999,53
HOSPITAL DR. GUSTAVO DOMINGUEZ Z.,1674441.45,42
DIRECCION DISTRITAL 18D01C01 AMBATO TUNGURAHUA MTOP,1672461.31,9
DIRECCION DISTRITAL DE SALUD N 13D02 JARAMIJO-MANTA-MONTECRISTI,1651648.8699999999,9
DIRECCION DISTRITAL DE EDUCACION PASCUALES 2 - MONTE SINAI (GUAYAQUIL),1644867.38,13
GOBIERNO AUTONOMO DESCENTRALIZADO MUNICIPAL DE ISIDRO AYORA,1641238.96,34
BASE NAVAL SAN EDUARDO,1630463.67,156
Universidad Técnica Luis Vargas Torres,1622196.2,141
"EMPRESA MUNICIPAL DE RECOLECCION, TRANSPORTE, TRATAMIENTO DE DESECHOS ASEO Y LIMPIEZA",1612786.11,62
HOSPITAL GENERAL DR. LIBORIO PANCHANA SOTOMAYOR,1612097.27,14
MINISTERIO DE GOBIERNO,1590436.9100000001,5
GOBIERNO AUTONOMO DESCENTRALIZADO MUNICIPAL DE SAN CRISTOBAL DE PATATE,1588515.2,92
GOBIERNO AUTONOMO DESCENTRALIZADO PARROQUIA RURAL DE CALDERON,1587428.3599999999,111
DIRECCION DISTRITAL 22D02 ORELLANA - LORETO SALUD,1582732.67,64
MINISTERIO DE AGRICULTURA Y GANADERÍA,1576216.58,85
GOBIERNO AUTONOMO DESCENTRALIZADO MUNICIPAL DEL CANTON LAS NAVES,1571265.7799999998,182
SUPERINTENDENCIA DE BANCOS,1569098.8599999999,85
GOBIERNO AUTONOMO DESCENTRALIZADO MUNICIPAL INTERCULTURAL DEL CANTON PUJILI,1568052.88,56
ASTILLEROS NAVALES ECUATORIANOS - ASTINAVE EP  -,1561215.3,108
Direccion Distrital 13D01 - Portoviejo - Educacion,1554370.93,14
GOBIERNO AUTONOMO DESCENTRALIZADO PARROQUIAL RURAL ALEJANDRO LABAKA,1553864.22,45
DIRECCION DISTRITAL DE SALUD # 09D01,1552264.6199999999,18
GOBIERNO MUNICIPAL DE SAN CRISTOBAL,1547768.32,26
DIRECCION DISTRITAL 21D04 SHUSHUFINDI EDUCACION,1544778.87,65
GOBIERNO AUTONOMO DESCENTRALIZADO DEL CANTON ATAHUALPA,1543365.43,66
DIRECCION DISTRITAL 23D03 - LA CONCORDIA - EDUCACION,1540739.03,83
AGENCIA DE REGULACIÓN Y CONTROL HIDROCARBUROS,1538769.7,48
"HOSPITAL PROVINCIAL ""MARTIN ICAZA""",1537195.93,12
DIRECCIÓN DISTRITAL 08D03 - MUISNE-ATACAMES-EDUCACIÓN,1531734.6600000001,77
SERVICIO NACIONAL DE ATENCIÓN INTEGRAL A PERSONAS ADULTAS PRIVADAS DE LA LIBERTAD Y A ADOLESCENTES INFRACTORES,1531703.28,79
GOBIERNO AUTONOMO DESCENTRALIZADO DEL CANTON MIRA,1523938.5,186
DISTRITO MANTA,1521454.1199999999,14
DIRECCION DISTRITAL 17D05 PARROQUIAS URBANAS LA CONCEPCION A JIPIJAPA Y PARROQUIAS RURALES NAYON ZAMBIZA EDUCACION,1512941.1800000002,49
GOBIERNO AUTONOMO DESCENTRALIZADO PARROQUIAL RURAL DE PACHICUTZA,1512814.1400000001,3
GOBIERNO AUTONOMO MUNICIPAL DEL CANTON GONZANAMA,1508511.69,82
COORDINACION ZONAL 6 - SALUD,1507880.83,160
EMPRESA PUBLICA METROPOLITANA DE RASTRO QUITO,1501942.75,88
CENTRO CLINICO QUIRURGICO AMBULATORIO (HOSPITAL DEL DIA)-JIPIJAPA,1487358.63,106
GOBIERNO AUTONOMO DESCENTRALIZADO MUNICIPAL DE BALAO,1486669.21,80
DIRECCION NACIONAL DE INVESTIGACION ANTIDROGAS,1484744.85,24
"EMPRESA PUBLICA DE OBRAS, BIENES Y SERVICIOS SANTA ELENA EP",1474939.8399999999,16
DIRECCION DISTRITAL 13D12-ROCAFUERTE-TOSAGUA-EDUCACION,1474931.21,11
SUBZONA EL ORO,1462655.7,53
GOBIERNO AUTONOMO DESCENTRALIZADO DEL CANTON PALTAS,1454921.35,241
JUNTA PARROQUIAL DE IMBANA,1449738.57,35
GOBIERNO AUTONOMO DESCENTRALIZADO MUNICIPAL DE PUCARA,1447009.9700000002,110
DIRECCION DISTRITAL 08D05 - SAN LORENZO - EDUCACION,1443527.94,86
DIRECCION DISTRITAL 13D10-JAMA-PEDERNALES-EDUCACION,1440176.69,12
GOBIERNO AUTONOMO DESCENTRALIZADO DEL CANTON PALANDA,1437990.54,193
DIRECCION DISTRITAL 23D02-PARROQUIAS URBANAS ABRAHAM CALAZACON-BOMBOLI Y PARROQUIAS RURALES SAN JACINTO DEL BUA A PERIFERIA 2-EDUCACION,1431538.89,124
EMPRESA PUBLICA MUNICIPAL DE DESARROLLO ECONOMICO EDEC-EP,1428799.92,129
AGENCIA DE REGULACION Y CONTROL DE ELECTRICIDAD,1426708.51,72
MUSEO ANTROPOLÓGICO Y DE ARTE CONTEMPORANEO MAAC,1424311.5499999998,14
DIRECCION DISTRITAL 14D01C05 - MACAS- MORONA SANTIAGO - MIT,1416159.0,18
BANCO DEL INSTITUTO ECUATORIANO DE SEGURIDAD SOCIAL,1415970.81,65
"EMPRESA PUBLICA MUNICIPAL DE TRANSPORTE TERRESTRE,,TRANSITO SEGURIDAD VIAL Y TERMINAL TERRESTRE DEL CANTON QUEVEDO",1415278.17,48
UNIDAD EDUCATIVA DE FUERZAS ARMADAS LICEO NAVAL GUAYAQUIL COMANDANTE RAFAEL ANDRADE LALAMA,1411318.45,84
EMPRESA PUBLICA RIOBAMBA RIOBAMBA-EP,1411242.32,98
GOBIERNO AUTONOMO DESCENTRALIZADO MUNICIPAL DE ZARUMA,1402570.57,277
GOBIERNO AUTONOMO DESCENTRALIZADO MUNICIPAL DE CHORDELEG,1393558.34,84
COORDINACION ZONAL 1 - SALUD,1388824.22,26
Municipio del Canton Pangua,1386427.38,238
GOBIERNO AUTONOMO DESCENTRALIZADO PARROQUIAL RURAL DE SEVILLA,1379837.68,62
Empresa Publica Municipal de Movilidad Machala,1375519.7999999998,29
MUNICIPIO DE ROCAFUERTE,1375505.6600000001,35
Empresa Publica Municipal de Agua Potable y Alcantarillado del Cantòn Lago Agrio,1365395.16,191
"HOSPITAL OBSTETRICO ""ANGELA LOAYZA DE OLLAGUE""",1360590.45,78
Junta Parroquial San Carlos,1358819.4100000001,59
DIRECCION DISTRITAL 09D06 TARQUI 2 - EDUCACION,1353437.49,36
EMPRESA PUBLICA MUNICIPAL DE AGUA POTABLE Y ALCANTARILLADO DE DAULE EMAPA EP,1351152.68,90
EMPRESA PUBLICA MUNICIPAL MANCOMUNADA DE ASEO INTEGRAL DE LOS CANTONES DE CAÑAR BIBLIAN SUSCAL Y EL TAMBO,1348313.55,31
GOBIERNO AUTONOMO DESCENTRALIZADO MUNICIPAL DEL CANTON SUCRE,1346846.98,422
MUNICIPIO DEL CANTON EL TRIUNFO,1344615.42,15
Direccion Distrital 05D02-La Mana-Educacion,1343444.76,15
DIRECCION DISTRITAL 12D03 - MOCAHE - QUEVEDO - EDUCACION,1338285.8,116
MINISTERIO DE EDUCACION DEPORTE Y CULTURA ZONA 7,1334536.18,71
GOBIERNO AUTONOMO DESCENTRALIZADO MUNICIPAL DEL CANTON CELICA,1329260.86,54
GOBIERNO AUTONOMO DESCENTRALIZADO DEL CANTON 24 DE MAYO,1329172.01,184
COORDINACION ZONAL 5,1325800.54,146
DIRECCION DISTRITAL 16D01 PASTAZA MERA SANTA CLARA EDUCACION,1321789.29,54
DIRECCION DISTRITAL 15D01-ARCHIDONA-CARLOS JULIO AROSEMENA TOLA- TENA-EDUCACION,1320990.14,32
DIRECCION DISTRITAL 17D07 PARROQUIAS URBANAS CHILLOGALLO A LA ECUATORIANA EDUCACION,1314269.19,34
EMPRESA PUBLICA DE SERVICIOS UNESUM - EPSU,1310483.88,1
Empresa Pública Municipal de Residuos Sólidos Rumiñahui Aseo EPM,1310074.31,111
DIRECCION DISTRITAL 01D03 - GIRON A SANTA ISABEL - SALUD,1309795.84,119
DIRECCION DISTRITAL 17D11-MEJIA-RUMIÑAHUI-SALUD,1308571.01,51
GOBIERNO AUTONOMO DESCENTRALIZADO MUNICIPAL DEL CANTON SANTA ANA,1308132.13,95
HOSPITAL MIGUEL H. ALCIVAR,1302594.8800000001,164
GOBIERNO AUTONOMO DESCENTRALIZADO MUNICIPAL DEL CANTON MACARA,1299167.06,306
SUBZONA SANTA ELENA,1298393.32,104
Federacion Deportiva de Manabi,1298015.8399999999,71
GOBIERNO AUTONOMO DESCENTRALIZADO MUNICIPAL DEL CANTON SAN FRANCISCO DE PUEBLOVIEJO,1290062.13,294
EMPRESA PUBLICA DE VIALIDAD DEL SUR (VIALSUR E.P.),1290016.28,154
DIRECCIÓN DISTRITAL 23D01 PARROQUIAS URBANAS RIO VERDE A CHIGUILPE Y PARROQUIAS RURALES ALLURIQUIN A PERIFERIA EDUCACIÓN,1289700.4,179
GOBIERNO AUTONOMO DESCENTRALIZADO PARROQUIAL RURAL SAN JOSE DE GUAYUSA,1282004.0,7
GAD MUNICIPAL DE CHUNCHI,1266881.34,277
EMPRESA PUBLICA MUNICIPAL REGISTRO DE LA PROPIEDAD DE GUAYAQUIL,1258826.73,51
INSTITUTO DE ALTOS ESTUDIOS NACIONALES,1257215.22,78
CUERPO DE BOMBEROS DE RIOBAMBA,1254506.7,54
PATRONATO PROVINCIAL DE SERVICIO SOCIAL DE PASTAZA,1251803.86,704
CENTRO DE EDUCACION CONTINUA EPN,1247538.08,71
EMPRESA PUBLICA MUNICIPAL DE AGUA POTABLE Y ALCANTARILLADO DE PASTAZA,1242694.72,50
Empresa Pública Autoridad de Tránsito Mancomunada Centro Guayas EP,1240764.9,80
GOBIERNO AUTONOMO DESCENTRALIZADO PARROQUIAL RURAL DE SHELL,1238225.15,11
UNIDAD EDUCATIVA DE FUERZAS ARMADAS COLEGIO MILITAR NRO. 2 TNTE. HUGO ORTIZ G,1238120.42,41
"EMPRESA PUBLICA MUNICIPAL DE PARQUES ""PARQUES DE SAMBORONDON-EP""",1237805.51,17
ASOCIACION DE MUNICIPALIDADES ECUATORIANAS,1233366.91,56
BENEMERITO CUERPO DE BOMBEROS DE SAMBORONDON,1232818.93,71
DIRECCION DISTRITAL 08D02-ELOY ALFARO-EDUCACION,1232262.95,99
GOBIERNO AUTONOMO DESCENTRALIZADO MUNICIPAL DEL CANTON PEDRO VICENTE MALDONADO,1225097.85,96
COORDINACION ZONAL 7-MINISTERIO DE DESARROLLO HUMANO,1221213.22,210
HOSPITAL GENERAL DE MACAS,1218611.19,210
FEDERACION DEPORTIVA DEL GUAYAS,1218383.73,94
SUBZONA LOS RIOS,1212618.16,23
GOBIERNO AUTONOMO DESCENTRALIZADO MUNICIPAL DEL CANTON TOSAGUA,1210879.9,100
DIRECCION DISTRITAL 10D03-COTACACHI-EDUCACION,1209687.54,113
EMSAAIRPORT SERVICES CEM,1208096.6500000001,15
HOSPITAL PSIQUIATRICO JULIO ENDARA,1205859.61,79
DIRECCION PROVINCIAL DEL CONSEJO DE LA JUDICATURA DE MANABI,1201516.12,70
GOBIERNO AUTONOMO DESCENTRALIZADO PARROQUIAL RURAL EL PORVENIR DEL CARMEN,1200604.04,45
DIRECCION DISTRITAL 13D02 JARAMIJO-MANTA-MONTECRISTI-EDUCACION,1192310.0,7
PICHINCHA HUMANA,1189185.79,138
DIRECCION DISTRITAL 24D02-LA LIBERTAD-SALINAS-EDUCACION,1188985.08,182
HOSPITAL GENERAL SANTO DOMINGO,1188391.06,34
"UNIDAD ADSCRITA DE DESARROLLO PRODUCTIVO AGROPECUARIO DE INDUSTRIALIZACION, COMERCIALIZACION Y EMPRESARIAL CORPOSUCUMBIOS",1187654.05,117
FUNDACION TEATRO NACIONAL SUCRE,1186114.55,165
Empresa Publica Municipal de Servicios Hidrosanitarios del Cantón Jaramijo,1185273.51,55
Municipio de Balzar,1178115.11,33
CENTRO CLINICO QUIRURGICO AMBULATORIO HOSPITAL DEL DIA CENTRAL LOJA,1176979.54,287
JEFATURA ZONAL DE OPERACIONES ESPECIALES QUITO,1173357.8,17
Gobierno Autónomo Descentralizado Municipal del Cantón Chillanes,1170320.18,109
DIRECCION DISTRITAL 03D03- LA TRONCAL- SALUD,1168896.36,72
"DIRECCION DISTRITAL 23D01 SALUD ALLURIQUÍN, LUZ DE AMÉRICA, ESFUERZO, TOACHI, PÉRIFERIA 1, RIO VERDE, SANTO DOMINGO, ZARACAY, RÍO TOACHÍ, CHIGUILPE, SAN JACINTO DEL BÚA, VALLE HERMOSO, PUERTO LIMÓN, PERIFERIA 2, ABRAHAM CALAZACÓN, BOMBOLÍ, LA CONCOR",1168066.1199999999,40
DIRECCION ZONAL - ZONA 4 - SECRETARIA TECNICA DE GESTION INMOBILIARIA DEL SECTOR PUBLICO,1163951.11,101
GOBIERNO AUTONOMO DESCENTRALIZADO MUNICIPAL DEL CANTON DELEG,1161180.74,124
SUCUMBIOS SOLIDARIO,1155434.0,153
SECRETARIA TECNICA ECUADOR CRECE SIN DESNUTRICION INFANTIL,1151996.61,59
DIRECCION DISTRITAL 08D04 - QUININDE - SALUD,1141761.98,23
MUNICIPIO DE MONTECRISTI,1137477.32,15
SECRETARIA TECNICA DE LA CIRCUNSCRIPCION TERRITORIAL ESPECIAL AMAZONICA,1132123.88,48
GOBIERNO AUTONOMO DESCENTRALIZADO PARROQUIAL RURAL DE TIMBARA,1124356.44,62
SUBZONA MANABI,1122701.67,16
GOBIERNO AUTONOMO DESCENTRALIZADO PARROQUIAL RURAL DE NANKAIS,1112224.53,4
MUNICIPIO DE PEDERNALES,1110850.41,36
GOBIERNO AUTONOMO DESCENTRALIZADO MUNICIPAL DE SUCUMBIOS,1110229.04,74
MINISTERIO DE DEFENSA NACIONAL,1109393.6300000001,163
Empresa Pública Empresa Municipal Mercado Mayorista Ambato,1106022.4100000001,89
CONAGOPARE PICHINCHA,1101441.07,21
DIRECCION DISTRITAL18D01-PARROQUIAS URBANAS:(LA PENINSULA A SAN FRANCISCO) Y PARROQUIAS RURALES: (AUGUSTO N. MARTINEZ A ATAHUALPA)-EDUCACION,1096602.3800000001,80
CENTRO DE ESPECIALIDADES CENTRAL CUENCA,1088227.16,147
MUSEO NACIONAL DEL ECUADOR,1086362.71,9
SUPERINTENDENCIA DE ECONOMIA POPULAR Y SOLIDARIA,1085264.52,83
"EMPRESA PUBLICA MANCOMUNADA DE AGUA POTABLE Y SANEAMIENTO DE LOS CANTONES ESMERALDAS, ATACAMES Y RIOVERDE EPMAPSE",1084327.54,18
EMPRESA PÚBLICA MUNICIPAL DE AGUA POTABLE ALCANTARILLADO PLUVIAL SANITARIO Y SANEAMIENTO DEL CANTON SAN FRANCISCO DE MILAGRO,1071725.3800000001,15
GOBIERNO AUTONOMO DESCENTRALIZADO PARROQUIAL RURAL SAN JUAN DE MUYUNA,1064670.92,2
INSTITUTO DE SEGURIDAD SOCIAL DE LA POLICIA NACIONAL,1062446.02,101
DIRECCIÓN DISTRITAL 18D02 -PARROQUIAS URBANAS: (CELIANO MONGE A PISHILATA) Y PARROQUIAS RURALES: (HUACHI GRANDE A TOTORAS) -EDUCACIÓN,1061962.75,79
INSTITUTO NACIONAL DE INVESTIGACIÓN EN SALUD PUBLICA -INSPI- DR. LEOPOLDO IZQUIETA PÉREZ,1061659.78,88
GOBIERNO AUTONOMO DESCENTRALIZADO PARROQUIAL RURAL DE NUEVO QUITO,1060645.37,31
GOBIERNO AUTONOMO DESCENTRALIZADO MUNICIPAL DEL CANTON SAN VICENTE,1057788.6,128
DIRECCION DISTRITAL EDUCACION PEDRO CARBO ISIDRO AYORA LOMAS DE SARGENTILLO,1057474.19,52
EMPRESA PUBLICA DE MOVILIDAD DEL NORTE,1057209.28,35
GOBIERNO AUTONOMO DESCENTRALIZADO MUNICIPAL DEL CANTON PEDRO CARBO,1054561.66,102
COORDINACION ZONAL 6 - MINISTERIO DE DESARROLLO HUMANO,1054260.29,57
AGENCIA DE REGULACIÓN Y CONTROL FITO Y ZOOSANITARIO,1047849.38,541
DIRECCION DISTRITAL 17D02-PARROQUIAS RURALES:(CALDERON-LLANO CHICO-GUAYLLABAMBA)-EDUCACION,1046516.69,20
EMPRESA PUBLICA MUNICIPAL TERMINAL TERRESTRE DE MACHALA EP,1044168.1699999999,17
COMPAÑIA DE ECONOMIA MIXTA AUSTROGAS,1044167.41,69
UNIDAD EDUCATIVA DE FUERZAS ARMADAS COLEGIO MILITAR N 1 ELOY ALFARO,1043691.59,135
DIRECCION DISTRITAL 15D01-ARCHIDONA-CARLOS JULIO AROSEMENA TOLA-TENA-NAPO-MIT,1043124.06,7
FUERZA NAVAL,1035662.25,119
GOBIERNO MUNICIPAL DE LA MANÁ,1035217.8,32
GOBIERNO AUTONOMO MUNICIPAL DEL CANTON CHAGUARPAMBA,1033420.21,35
GOBIERNO AUTONOMO DESCENTRALIZADO MUNICIPAL DE PUYANGO,1032142.55,96
EMPRESA PUBLICA DE AGUA ALCANTARILLADO Y ASEO DE PASAJE AGUAPAS EP,1028569.0,104
CENTRO DE ESPECIALIDADES DAULE,1027599.08,82
"EMPRESA PUBLICA MUNICIPAL DE CENTROS COMERCIALES, TERMINAL TERRESTRE, MERCADOS Y CAMALES DEL CANTON PORTOVIEJO, ""PORTOCOMERCIO EP""",1023660.17,48
GOBIERNO AUTONOMO DESCENTRALIZADO MUNICIPAL SAN PEDRO DE HUACA,1016877.56,65
GOBIERNO AUTONOMO DESCENTRALIZADO MUNICIPAL DEL CANTON TISALEO,1014681.8,66
Direccion Distrital 09D20-Salitre-Educacion,1011677.6900000001,69
BENEMERITO CUERPO DE BOMBEROS PORTOVIEJO CORONEL JOSE ANTONIO MARIA GARCIA PINOARGOTE BCBP,1006915.69,77
HOSPITAL BASICO YANTZAZA,1001882.66,64
GOBIERNO AUTONOMO DESCENTRALIZADO MUNICIPAL DE ESPINDOLA,993644.74,78
DIRECCION DISTRITAL 22DO1 JOYA DE LOS SACHAS - EDUCACION,989656.77,62
EMPRESA PUBLICA DE MOVILIDAD DEL CANTON LATACUNGA,985919.14,67
GOBIERNO AUTONOMO DESCENTRALIZADO PARROQUIAL RURAL SAN JOSÉ,981012.13,2
GOBIERNO AUTONOMO DESCENTRALIZADO DEL CANTON JARAMIJO,980210.58,114
"Tercera Division de la F.T ""Tarqui""",976725.65,119
"EMPRESA PÚBLICA MUNICIPAL TERMINAL TERRESTRE, TRÁNSITO Y SEGURIDAD VIAL DEL CANTÓN BABAHOYO",975907.42,44
Direcciòn Provincial del Consejo de la Judicatura - Azuay,971815.76,101
EMPRESA PUBLICA DE LA UNIVERSIDAD TECNICA DE AMBATO UTA EP,970528.6799999999,73
DIRECCION DISTRITAL 03D03 - LA TRONCAL - EDUCACION,970316.98,61
Hospital Provincial Alfredo Noboa Montenegro,967712.21,51
GOBIERNO AUTONOMO DESCENTRALIZADO PARTICIPATIVO INTERCULTURAL MUNICIPAL EL TAMBO,965732.82,77
EMPRESA PUBLICA MUNICIPAL DE AGUA POTABLE Y ALCANTARILLADO CANTON QUEVEDO,961906.13,18
HOSPITAL GENERALPROVINCIAL LUIS G DAVILA,961262.9700000001,36
Corporación Aeroportuaria de Cuenca,960218.16,63
DIRECCION DISTRITAL DE SALUD NO. 17D10,959856.02,92
CENTRO CLINICO QUIRURGICO AMBULATORIO HOSPITAL DEL DIA CHIMBACALLE,954973.44,220
DIRECCION DISTRITAL 09D19 - DAULE - NOBOL - SANTA LUCIA - SALUD,950282.33,18
HOSPITAL MÓVIL N1,949095.12,20
DIRECCION DISTRITAL13D05 EL CARMEN EDUCACION,948290.22,50
GOBIERNO AUTONOMO DESCENTRALIZADO MUNICIPAL DEL CANTON ECHEANDIA,945958.93,72
HOSPITAL GENERAL SAN VICENTE DE PAUL IBARRA,944587.7,62
EMPRESA PUBLICA MUNICIPAL DE AGUA POTABLE Y ALCANTARILLADO DE TULCAN,944110.57,66
COMITE PERMANENTE DE LA FIESTA DE LA FRUTA Y DE LAS FLORES,943643.3200000001,69
COORDINACION ZONAL 7-SALUD,943179.6,126
GOBIERNO AUTONOMO DESCENTRALIZADO DE LA PARROQUIA LA UNION,941810.58,97
GOBIERNO AUTONOMO DESCENTRALIZADO MUNICIPAL DE CHAMBO,940596.83,112
UNIVERSIDAD DE SEGURIDAD CIUDADANA Y CIENCIAS POLICIALES USECIPOL,930680.98,47
AUTORIDAD PORTUARIA ESMERALDAS,930230.63,65
DIRECCION DISTRITAL 01D04 - CHORDELEG - GUALACEO - SALUD,929966.84,76
CORPORACIÓN NACIONAL DE FINANZAS POPULARES Y SOLIDARIAS,926461.65,42
"EMPRESA PUBLICA MUNICIPAL DE MERCADOS, CENTROS COMERCIALES Y CENTRO DE FAENAMIENTO DEL CANTON MACHALA EPMCCF EP",923843.14,24
CASA MILITAR PRESIDENCIAL,919424.81,28
UNIDAD EDUCATIVA DE FUERZAS ARMADAS LICEO NAVAL QUITO COMANDANTE CESAR ENDARA PEÑAHERRERA,918770.92,65
SERVICIO NACIONAL DE CONTRATACION PUBLICA,915599.32,101
AGENCIA DE REGULACION Y CONTROL DE LAS TELECOMUNICACIONES,914355.45,76
"AGENCIA DE REGULACION Y CONTROL MINERO,ARCOM",912264.99,82
HOSPITAL GENERAL MARCO VINICIO IZA,911267.4500000001,76
DIRECCION DISTRITAL 21D02 LAGO AGRIO EDUCACION,900231.99,91
DIRECCION DISTRITAL 13D07-CHONE-FLAVIO ALFARO-SALUD,896356.32,28
DIRECCION DISTRITAL 14D05 - TAISHA - SALUD,895000.88,83
MUNICIPALIDAD DE MARCELINO MARIDUEÑA,894866.82,187
DISTRITO EUGENIO ESPEJO,892177.13,82
"MINISTERIO DE EDUCACION, DEPORTE Y CULTURA ZONA 6",891907.52,13
Cuerpo de Bomberos de Ibarra,890708.14,55
Concentración Deportiva de Pichincha,887979.23,145
GOBIERNO AUTONOMO DESCENTRALIZADO PARROQUIAL RURAL DE RIO TIGRE,887270.09,29
Gobierno Autónomo Descentralizado Municipal de Carlos Julio Arosemena Tola,884222.0,59
EMPRESA MUNICIPAL DE AGUA POTABLE Y ALCANTARILLADO DE DURAN - EMPRESA PUBLICA EMAPAD EP,878996.47,69
DIRECCION DISTRITAL 17D09-PARROQUIAS RURALES (TUMBACO A TABABELA,877558.23,23
GOBIERNO AUTONOMO DESCENTRALIZADO MUNICIPAL DE PAQUISHA,876121.7100000001,258
DISTRITO LA DELICIA,874017.36,85
Dirección Distrital 12D04- Quinsaloma-Ventanas,872538.08,75
DIRECCION DISTRITAL 02D03 -CHIMBO - SAN MIGUEL -SALUD,869354.87,28
AUTORIDAD PORTUARIA DE GUAYAQUIL,867963.05,10
GAD. PQ. RURAL SANSAHUARI,867544.8500000001,6
EMPRESA PUBLICA MUNICIPAL DE SANEAMIENTO AMBIENTAL DE BABAHOYO (EMSABA EP),864565.5800000001,20
Direccion Distrital 05D04- Pujilí- Saquisilí- Educación.,857357.27,83
BASE NAVAL JARAMIJO,857238.28,107
INSTITUTO NACIONAL DE PATRIMONIO CULTURAL,856499.76,119
HOSPITAL SAGRADO CORAZON DE JESUS,852898.75,62
EMPRESA PUBLICA CEMENTERIOS CUENCA,852544.05,78
SUBZONA AZUAY,852269.02,61
GOBIERNO AUTONOMO DESCENTRALIZADO PARROQUIAL RURAL DE BAÑOS,852059.1399999999,105
DIRECCION DISTRITAL 12D01 - BABA - BABAHOYO - MONTALVO - SALUD,851686.13,30
EMPRESA PUBLICA DE DESARROLLO Y CONSTRUCCIONES DEL GOBIERNO AUTONOMO DESCENTRALIZADO PROVINCIAL DE NAPÒ EP-EMPRODECO,851179.59,101
DIRECCION PROVINCIAL DEL CONSEJO DE LA JUDICATURA - ESMERALDAS,849079.29,76
MINISTERIO DE TELECOMUNICACIONES Y DE LA SOCIEDAD DE LA INFORMACION,848149.77,71
GOBIERNO AUTONOMO DESCENTRALIZADO PARROQUIAL RURAL DE NUEVO PARAISO,847395.63,29
SUBZONA ESMERALDAS,846558.11,16
GOBIERNO AUTONOMO DESCENTRALIZADO MUNICIPAL DEL CANTON GUACHAPALA,845013.55,38
"EMPRESA PUBLICA MUNICIPAL DE MOVILIDAD, TRANSITO Y TRANSPORTE DE MILAGRO, EMOVIM-EP",845005.72,54
CENTRO DE SALUD C-MATERNO INFANTIL Y EMERGENCIA-BAHIA DE CARAQUEZ,836550.6699999999,115
DIRECCION DISTRITAL 17D10 CAYAMBE PEDRO MONCAYO-EDUCACION,834672.73,51
BENEMERITO CUERPO DE BOMBEROS DE MANTA,833355.3,35
EMPRESA PUBLICA MUNICIPAL DE MOVILIDAD DEL CANTON PAUTE EMOVPAUTE EP,830767.31,114
GOBIERNO AUTONOMO DESCENTRALIZADO MUNICIPAL DEL CANTON CALUMA,825274.01,115
GOBIERNO AUTONOMO DESCENTRALIZADO PARROQUIAL RURAL LA BELLEZA,824408.71,46
DIRECCION DISTRITAL 08D01 - ESMERALDAS - RIOVERDE-SALUD,822230.25,27
CUERPO DE BOMBEROS DE CHONE,821807.52,28
EMPRESA PUBLICA MUNICIPAL DE MOVILIDAD DE MACHALA EPMM-M,818192.93,88
CUERPO DE BOMBEROS DEL CANTÓN OTAVALO,816955.96,92
GOBIERNO AUTONOMO DESCENTRALIZADO PARROQUIAL RURAL DE EL ENO,813128.34,67
Dirección Distrital 17D08 - Parroquias Rurales: (Conocoto a la Merced) - Educación,812753.2999999999,38
GOBIERNO AUTONOMO DESCENTRALIZADO MUNICIPAL DE SAN MIGUEL DE LOS BANCOS,811440.12,191
DIRECCION DISTRITAL 24D01 SANTA ELENA MTOP,807658.3,14
JUNTA PARROQUIAL ENOKANQUI,807097.7200000001,6
Dirección CJ El Oro,792894.92,89
EMPRESA PUBLICA DE AGUA POTABLE Y ALCANTARILLADO DE ANTONIO ANTE EPAA - EP,790990.46,33
GOBIERNO AUTONOMO DESCENTRALIZADO MUNICIPAL DEL CANTON JUNIN,785623.04,72
MINISTERIO DE TURISMO,785426.65,40
MANCOMUNIDAD DE TRANSITO SUCUMBIOS EP,785099.15,110
BASE NAVAL DE SALINAS,783552.07,201
INSTITUTO NACIONAL DE ESTADISTICA Y CENSOS,782505.73,125
CONSORCIO DE GOBIERNOS AUTONOMOS PROVINCIALES DEL ECUADOR,779031.72,60
COMITE OLIMPICO ECUATORIANO,773717.53,33
DIRECCIÓN DISTRITAL 09D19 - DAULE - NOBOL - SANTA LUCIA - EDUCACIÓN,773655.98,90
DIRECCION DISTRITAL 13D06 BOLIVAR - JUNIN - EDUCACION,771299.36,23
DIRECCION DISTRITAL 14D05-TAISHA-EDUCACION,770979.5,87
PROCURADURIA GENERAL DEL ESTADO ,768507.5,54
EMPRESA MUNICIPAL DE ASEO INTEGRAL MONTECRISTI-EP,767581.2299999999,14
GOBIERNO AUTONOMO DESCENTRALIZADO MUNICIPAL NABON,765143.22,35
GOBIERNO AUTONOMO DESCENTRALIZADO MUNICIPAL DE SAN JUAN BOSCO,763136.72,241
Patronato Municipal de Amparo Social de Montecristi,757181.91,140
DIRECCION DISTRITAL 17D03 PARROQUIAS URBANAS EL CONDADO A CARCELEN Y PARROQUIAS RURALES PUELLARO A CALACALI EDUCACION,756803.9099999999,40
JUNTA PARROQUIAL RURAL DE POMONA,754975.29,7
DIRECCIÓN DISTRITAL 09D01-XIMENA 1 PARROQUIAS RURALES: PUNA - ESTUARIO DEL RIO GUAYAS - EDUCACIÓN,749226.11,85
Cuerpo de Bomberos de Pastaza,747970.6900000001,55
ALA DE COMBATE NO. 23,744616.48,116
CENTRO DE ESPECIALIDADES SUR OCCIDENTAL,744254.14,41
DIRECCIÓN DISTRITAL 05D05 - SIGCHOS - EDUCACIÓN,738500.96,37
COMANDO DE GUARDACOSTAS,735737.73,57
DEFENSORIA PUBLICA,732547.51,42
AUTORIDAD PORTUARIA DE MANTA,730393.66,21
Gobierno Autónomo del Cantón Nobol,728829.39,219
Agencia de Regulacion y Control de la Bioseguridad y Cuarentena para Galapagos,727433.89,76
CENTROCLÍNICO QUIRÚRGICO AMBULATORIO HOSPITAL DEL DÍA - EL TENA,725367.2200000001,222
BRIGADA DE CABALLERIA MECANIZADA NRO 3 MANABI,720617.21,70
EMPRESA PUBLICA MUNICIPAL DE MOVILIDAD DE CAYAMBE,718527.54,98
Direccion Distrital 09D12 Balao - Naranjal - Educación,718470.27,65
UNIVERSIDAD PÚBLICA DE SANTO DOMINGO DE LOS TSÁCHILAS,715583.05,219
CENTRO CLINICO QUIRURGICO AMBULATORIO HOSPITAL DEL DIA - ZAMORA,713827.4299999999,144
DIRECCION DISTRITAL 09D04-FEBRES CORDERO - EDUCACION,713465.75,75
SUBZONA LOJA,708470.62,28
DIRECCIÓN DISTRITAL 14D01- MORONA - EDUCACIÓN,706855.98,145
GOBIERNO AUTONOMO DESCENTRALIZADO PARROQUIAL RURAL DE RICAURTE,706431.94,22
DIRECCION DISTRITAL 01D01 PARROQ. URBANAS MACHANG. A BELLAVISTA Y PARROQ. RUR. NULTI A SAYAUSI-EDUCACION,706191.66,68
DIRECCION DISTRITAL 12D02 - PUEBLOVIEJO - URDANETA - EDUCACION,705033.1,54
DIRECCION DISTRITAL 24D02-LA LIBERTAD-SALINAS-SALUD,701771.13,38
Junta Parroquial de Arapicos,700424.4199999999,64
FIDEICOMISO MERCANTIL FONDO AMBIENTAL PARA LA PROTECCION DE LAS CUENCAS  Y AGUA - FONAG,698001.58,93
DIRECCION DISTRITAL 09D20- SALITRE- SALUD,697600.48,21
EMPRESA PUBLICA DE LA MANCOMUNIDAD DE TRANSITO TRANSPORTE TERRESTRE Y SEGURIDAD VIAL DE LA PROVINCIA DE PASTAZA,696581.9,77
FUNDACION MUNICIPAL DE LA MUJER Y EL NIÑO DE CUENCA,696152.44,181
direccion distrital 21d03 - cuyabeno putumayo,695506.77,53
HIDROVICTORIA S.A,693242.21,32
EOD DISTRITO METROPOLITANO DE QUITO,693198.74,89
INSTITUTO DE INVESTIGACIÓN GEOLÓGICO Y ENERGÉTICO,689724.9,112
GOBIERNO AUTONOMO DESCENTRALIZADO PARROQUIA RURAL DE CONOCOTO,685938.28,69
CORPORACION DE PROMOCION ECONOMICA CONQUITO,685554.8,106
COORDINACION ZONAL 1 DEL MINISTERIO DE INCLUSION ECONOMICA Y SOCIAL,682840.26,40
GOBIERNO AUTONOMO DESCENTRALIZADO PARROQUIAL RURAL DE POMASQUI,682743.49,19
GOBIERNO AUTONOMO DESCENTRALIZADO PARROQUIAL RURAL DE TANICUCHI,681816.16,40
CENTRO CLINICO QUIRURGICO AMBULATORIO HOSPITAL DEL DIA LA TRONCAL,680698.86,78
PATRONATO MUNICIPAL DE INCLUSION SOCIAL DE QUININDE DR. RAUL HUMBERTO TORRES DELGADO,679948.49,82
Servicio de Dragas,678609.12,91
CUERPO DE BOMBEROS DE RUMIÑAHUI,677817.6,47
DIRECCION DISTRITAL 06D02-ALAUSI-CHUNCHI-EDUCACION,677336.56,67
BASE NAVAL DE ESMERALDAS,675169.1900000001,110
CUERPO DE BOMBEROS DEL CANTON PALTAS,672379.99,46
GOBIERNO AUTONOMO DESCENTRALIZADO MUNICIPAL DEL CANTON QUINSALOMA,671170.76,104
DIRECCION DISTRITAL 21D04-SHUSHUFINDI-SALUD TIPO I,668844.5,31
DIRECCION DISTRITAL 09D03 - PARROQUIAS URBANAS (GARCIA MORENO A ROCA) - EDUCACION,667648.38,104
DIRECCION DISTRITAL-06D01-CHAMBO-RIOBAMBA-MIES,667236.46,59
UNIVERSIDAD DE LAS FUERZAS ARMADAS ESPE SEDE LATACUNGA,666755.46,67
"BRIGADA DE SELVA No 19 ""NAPO""",661461.02,72
"DIRECCIÓN DISTRITAL 09D05 - TARQUI - 1, TENGUEL - EDUCACIÓN",661214.17,40
DIRECCION DISTRITAL 17D11-MEJIA-RUMIÑAHUI-EDUCACION,659290.46,154
NUCLEO DE SOLCA MACH,658944.71,107
DIRECCION DISTRITAL 10D02 ANTONIO ANTE-OTAVALO-SALUD,658748.0,105
DIRECCION DISTRITAL 21D01 CASCALES GONZALO PIZARRO SUCUMBIOS - EDUCACION,656350.97,85
ESTACION AERONAVAL GUAYAQUIL,656000.25,73
DISTRITO QUEVEDO,654698.8,7
DIRECCION DISTRITAL 17D04 PARROQUIAS URBANAS PUENGASI A ITCHIMBIA EDUCACION,653352.6,93
DEFENSORIA DEL PUEBLO,651904.04,29
DIRECCION DISTRITAL 08D06 - RIOVERDE- EDUCACION,651794.06,64
Direccion Distrital 10D02 Antonio Ante Otavalo,650082.81,189
"EMPRESA PUBLICA DE COMERCIALIZACION E INDUSTRIALIZACIONTRANSPORTE MULTIMODAL Y TURISMO DEL GOBIERNO AUTONOMDESCENTRALIZADO PROVINCIAL DE PASTAZA, PASTAZA PROGRESA E.P.",648795.73,65
"BRIGADA DE CABALLERIA BLINDADA No. 11 ""GALÁPAGOS""",644657.3,15
GOBIERNO AUTONOMO DESCENTRALIZADO PARROQUIAL RURAL DE TARQUI,644079.52,79
DIRECCION DISTRITAL 13D07-CHONE-FLAVIO ALFARO-EDUCACION,643586.52,65
CENTRO DE SALUD C MATERNO INFANTIL Y EMERGENCIAS CUENCA,640661.63,83
DIRECCIÓN DISTRITAL 12D06 BUENA FE - VALENCIA - EDUCACIÓN,640639.63,111
CONSEJO DE EDUCACION SUPERIOR,639182.3200000001,75
Municipio de Naranjito,638518.69,33
DIRECCION DISTRITAL 18D02 - PARROQUIAS URBANAS: (CELIANO MONGE A PISHILATA) Y PARROQUIAS RURALES: (HUACHI GRANDE A TOTORAS) - SALUD,638364.98,33
MALECON 2000 (MSB),637161.55,2
HOSPITAL NICOLAS COTTO INFANTE,636126.0700000001,9
ESTACION AERONAVAL DE MANTA,632559.86,73
EMPRESA MUNICIPAL DE AGUA POTABLE Y ALCANTARILLADO DE OTAVALO,630216.65,89
Junta Parroquial Tababela ,626113.38,6
GOBIERNO AUTONOMO DESCENTRALIZADO MUNICIPAL DE PORTOVELO,625485.28,175
"EMPRESA PÙBLICA MUNICIPAL DE AGUA POTABLE, Y ALCANTARILLADO, SANEAMIENTO AMBIENTAL, OBRAS Y SERVICIOS PARA EL CANTON QUININDE EMAPASOSQ-EP",624124.86,108
DIRECCION DISTRITAL 06D04 COLTA GUAMOTE SALUD,623763.13,38
"EMPRESA PUBLICA MUNICIPAL DE ECONOMIA CIRCULAR DE APROVECHAMIENTO, VALORIZACION Y DISPOSICION FINAL DE GESTION DE RESIDUOS Y DESECHOS CIRCULAR EP",623147.46,96
GOBIERNO AUTONOMO DESCENTRALIZADO PARROQUIAL RURAL DE TURI,623036.12,16
Municipio de Sozoranga,621930.18,9
DIRECCION DISTRITAL 08D03 -MUISNE - ATACAMES -SALUD,617583.47,9
CUERPO DE BOMBEROS DEL CANTON FCO DE ORELLANA,613368.67,24
JEFATURA ZONAL DE INTERVENCION Y RESCATE GUAYAS,613286.38,44
GOBIERNO AUTONOMO DESCENTRALIZADO PARROQUIAL DE AHUANO,612382.75,25
"BRIGADA DE AVIACION DE LA FUERZA TERRESTRE No. 15 ""PAQUISHA""",610643.83,267
BRIGADA DE INFANTERIA N 5 GUAYAS,610354.1,82
DIRECCION DISTRITAL 14D01C05 - MACAS - MORONA SANTIAGO - MTOP,610215.36,68
GOBIERNO AUTONOMO DESCENTRALIZADO MUNICIPAL DEL CANTON CUMANDA,609746.03,54
DIRECCION DISTRITAL 12D04 - QUINSALOMA - VENTANAS - SALUD,609612.43,29
DIRECCION DISTRITAL 07D02- MACHALA-EDUCACION,608275.44,56
CUERPO DE BOMBEROS DE LOJA,607148.5700000001,89
SUBZONA SANTO DOMINGO DE LOS TSACHILAS,606799.53,7
COORDINACION ZONAL 2-SALUD,605430.02,51
DIRECCION DISTRITAL 12D03 QUEVEDO - MOCACHE SALUD,604769.81,28
COORDINACION ZONAL 1 - MINISTERIO DE DESARROLLO HUMANO,603338.5499999999,212
DIRECCION PROVINCIAL DEL CONSEJO DE LA JUDICATURA LOS RIOS,601095.6799999999,48
DIRECCION DISTRITAL 09D17-MILAGRO-EDUCACION,600852.85,78
JEFATURA ZONAL DE OPERACIONES ESPECIALES GUAYAS,600711.85,53
Consejo de Participación Ciudadana y Control Social,599133.88,35
HOSPITAL BASICO DE PEDERNALES DR. FRANCISCO VASQUEZ BALDA,597756.0,12
DIRECCION DISTRITAL 09D23-SAMBORONDON-EDUCACION,589463.41,22
DIRECCION DISTRITAL 07D05-ARENILLAS-HUAQUILLAS-LAS LAJAS-EDUCACION,589160.5,34
Dirección Distrital 11D01-Loja-Educación,588299.15,80
JUNTA PARROQUIAL EL VALLE,587920.04,28
DIRECCION DISTRITAL 09D11-ALFREDO BAQUERIZO MORENO-SIMON BOLIVAR-EDUCACION,585299.4199999999,50
SUBZONA CARCHI,585240.42,48
EMPRESA PUBLICA PARA LA INNOVACION Y DESARROLLO DE LA UNIVERSIDAD DE GUAYAQUIL INNOVA UGEP,584645.44,10
COMANDO DE OPERACIONES AEREAS Y DEFENSA,583430.9,61
EMPRESA PUBLICA DE COMUNICACION DEL ECUADOR EP,577240.18,26
JUNTA PAROOQUIAL PAPALLACTA,576326.62,4
DIRECCION DISTRITAL 07D02-MACHALA-SALUD,574491.87,34
DIRECCION DISTRITAL DE SALUD NO 09D14,573274.89,29
INSTITUTO NACIONAL DE EVALUACION EDUCATIVA,573018.78,48
GOBIERNO AUTONOMO DESCENTRALIZADO PARROQUIAL RURAL DE SEVILLA DON BOSCO,570787.78,10
GOBIERNO AUTONOMO DESCENTRALIZADO PARROQUIAL RURAL DE SANTA CECILIA,566504.26,8
EMPRESA PÚBLICA MUNICIPAL DE AGUA POTABLE Y ALCANTARILLADO SANITARIO DEL CANTÓN JIPIJAPA,565982.0,6
SUBZONA TUNGURAHUA,564957.33,77
DIRECCION DISTRITAL 17D12 - PEDRO VICENTE MALDONADO - PUERTO QUITO - SAN MIGUEL DE LOS BANCOS  - SALUD,564036.73,37
EMPRESA PUBLICA MUNICIPAL MOVILIDAD DE MANTA-EP,563144.7999999999,38
MINISTERIO DE PRODUCCION COMERCIO EXTERIOR INVERSIONES Y PESCA,561097.0,4
EMPRESA PUBLICA LA UEMPRENDE EP,560667.0,56
DIRECCION DISTRITAL 11D03 - PALTAS - CATAMAYO - CHAGUARPAMBA - OLMEDO - SALUD,560374.8,94
ESCUELA SUPERIOR MILITAR DE AVIACION COSME RENNELLA BARBATTO,560326.38,67
ACCIÓN SOCIAL MUNICIPAL DEL CANTÓN CUENCA,559875.8400000001,227
COMANDO DE EDUCACION Y DOCTRINA MILITAR TERRESTRE,556481.5,171
GOBIERNO AUTONOMO DESCENTRALIZADO MUNICIPAL DEL CANTON BOLIVAR,556213.94,17
DIRECCION DISTRITAL 05D04 -PUJILI-SAQUISILI-SALUD,555128.23,30
"DIRECCION NACIONAL DE INVESTIGACION CONTRA LA VIOLENCIA DE GENERO, MUJER, FAMILIA, NINEZ Y ADOLESCENCIA, TRATA DE PERSONAS Y TRAFICO ILICITO DE MIGRANTES.",555024.74,50
DIRECCIÓN DISTRITAL 13D11 SAN VICENTE-SUCRE-EDUCACION,553501.14,117
JEFATURA ZONAL DE POLICIA MONTADA QUITO,551475.86,58
DIRECCION DISTRITAL 03D01 -AZOGUES-BIBLIAN-DELEG-SALUD,549770.76,38
UNIDAD DE GESTION DE INVESTIGACION Y PROYECCION SOCIAL,548446.78,35
DIRECCIÓN DISTRITAL 13D 05 - EL CARMEN - SALUD,547064.82,10
DIRECCION DISTRITAL 14D03 - LOGROÑO - SUCUA - SALUD,546913.0,47
DIRECCION DISTRITAL 13D11 - SAN VICENTE - SUCRE - SALUD,546599.02,16
HOSPITAL SAN VICENTE DE PAUL,545481.37,29
DIRECCION DISTRITAL 09D22 - PLAYAS - EDUCACION,545235.1699999999,33
COORDINACION ZONAL 2 DEL MINISTERIO DE INCLUSION ECONOMICA Y SOCIAL,544225.6,15
Junta Parroquial de Curaray,543655.59,12
Junta Parroquial de Sangay,542844.04,47
DIRECCIÓN DISTRITAL 05D06 - SALCEDO - EDUCACIÓN,541899.9099999999,18
CENTRO DE RESPONSABILIDAD SOCIAL Y SOLIDARIA MUNICIPAL JORGE CAJAS GARZÓN DEL CANTÓN SHUSHUFINDI,541562.91,177
EMPRESA PUBLICA DE SERVICIOS INTEGRALES EPSILACO EP,540018.15,5
UNIDAD EDUCATIVA VALM. MANUEL NIETO CADENA,538188.5599999999,10
DIRECCION PROVINCIAL DEL CONSEJO DE LA JUDICATURA - CHIMBORAZO,538102.5,57
MINISTERIO DEL DEPORTE,535906.45,54
GOBIERNO AUTONOMO DESCENTRALIZADO PARROQUIA RURAL DE LLANO CHICO,534550.25,93
ESTACION NAVAL DE SAN LORENZO,532226.95,166
DIRECCION DISTRITAL NO.09D24-DURAN - EDUCACION,532150.71,23
DIRECCION DISTRITAL 16D01 - PASTAZA - MERA - SANTA CLARA - SALUD,531156.37,30
Direccion Distrital 09D16 - El Triunfo - Gnral. Antonio Elizalde - Educacion,530186.5,69
SUBZONA IMBABURA,530081.99,57
FISCALIA DE PICHINCHA,529324.73,52
CUERPO DE BOMBEROS MUNICIPAL DE MACHALA,526838.72,20
UNIDAD EDUCATIVA DE FUERZAS ARMADAS COLEGIO MILITAR N 3 HEROES DEL 41,526744.92,21
Unidad Educativa Eugenio Espejo,522869.6,115
Brigada de Fuerzas Especiales No 9 Patria,520508.89,178
HOSPITAL OSKAR JANDL,520062.83,82
CUERPO DE BOMBEROS DE SALINAS,519174.87000000005,107
DIRECCION DISTRITAL 09D15 EMPALME EDUCACION,519116.74,73
Ilustre Municipalidad del Cantón Jama,518204.29,69
"AGENCIA NACIONAL DE REGULACION, CONTROL Y VIGILANCIA SANITARI",514347.57,98
"DIRECCION NACIONAL DE BIENESTAR SOCIAL, SEGURIDAD Y SALUD OCUPACIONAL",513670.66,34
BRIGADA DE SELVA N 17 PASTAZA,511315.01,228
DIRECCION DISTRITAL DE SALUD NO. 08D05,508324.48,10
BASE NAVAL NORTE,507027.21,174
CUERPO DE BOMBEROS LA TRONCAL,504738.21,30
DIRECCIÓN DISTRITAL 06D01 RIOBAMBA CHAMBO -EDUCACIÓN,504322.52,12
DIRECCION DISTRITAL DE TRANSPORTE Y OBRAS PUBLICAS DE SANTO DOMINGO DE LOS TSACHILAS,503656.18,2
museo y parque arqueologico pumapungo,503521.35,6
GOBIERNO AUTONOMO DESCENTRALIZADO PARROQUIAL RURAL DE VERACRUZ,502067.17,50
Brigada de Infantería No.13 Pichincha,502059.94999999995,164
CONSEJO DE ASEGURAMIENTO DE LA CALIDAD DE LA EDUCACION SUPERIOR,501897.3,85
DIRECCION DISTRITAL 09D07-PASCUALES-1-EDUCACION,500167.07,50
PATRONATO PROVINCIAL DEL GADPCH,499270.48,346
SUBZONA GUAYAS,494808.32,24
"EMPRESA PUBLICA MUNICIPAL DE AGUA POTABLE, ALCANTARILLADO Y COMERCIALIZACION DEL CANTON VENTANAS EPAVEN",494461.23,9
GOBIERNO AUTONOMO DESCENTRALIZADO PARROQUIAL RURAL DE PACAYACU ,492537.38,78
BASE NAVAL SAN CRISTOBAL,492011.67,21
EMPRESA PUBLICA MUNICIPAL DE FAENAMIENTO Y CARNICOS DE RUMIÑAHUI,491733.19,52
DIRECCIÓN PROVINCIAL DEL CONSEJO DE LA JUDICATURA IMBABURA,489348.62,56
UNIVERSIDAD DE LAS FUERZAS ARMADAS-ESPE SEDE SANTO DOMINGO DE LOS TSÁCHILAS,488502.37,78
GOBIERNO AUTONOMO DESCENTRALIZADO PARROQUIAL RURAL DE PANGUINTZA,487770.42,5
DIRECCION DISTRITAL 05D03-PANGUA-SALUD,487347.57,72
SERVICIO NACIONAL DE ADUANA DEL ECUADOR - DISTRITO QUITO UE,487315.69,10
EMPRESA PUBLICA MUNICIPAL DE TRANSITO DE PASAJE EPMT-P,487226.23000000004,60
DIRECCION DISTRITAL 12D05 - PALENQUE - VINCES -  EDUCACION,485353.81,54
GOBIERNO AUTONOMO DESCENTRALIZADO PARROQUIAL RURAL PACTO,484669.7,3
COORDINACION ZONAL 5 - MINISTERIO DE DESARROLLO HUMANO,483143.49,30
GOBIERNO AUTONOMO DESCENTRALIZADO PARROQUIAL RURAL DE AVILA HUIRUNO,482542.05999999994,37
SUBZONA PICHINCHA,482345.1,9
EMPRESA PUBLICA MUNICIPAL DE TRANSITO TRANSPORTE TERRESTRE FLUVIAL MARITIMO SEGURIDAD VIAL TERMINAL TERRESTRE Y MOVILIDAD DE SANTA ROSA - EMOVTT SR,477525.27,6
UNIDAD DE TERMINALES,475237.77999999997,34
CASA DE LA CULTURA ECUATORIANA BENJAMIN CARRION,473615.07,34
"MINISTERIO DE EDUCACION, DEPORTE Y CULTURA ZONA 5",472559.62,10
GOBIERNO AUTONOMO DESCENTRALIZADO DE LA PARROQUIA DE PIFO,472199.22,14
DIRECCION DISTRITAL 08D01-ESMERALDAS-ESMERALDAS-MIT,471314.0,6
GOBIERNO AUTONOMO DESCENTRALIZADO PARROQUIAL DE SININCAY,471159.87,115
GOBIERNO AUTONOMO DESCENTRALIZADO PARROQUIAL RURAL DE PUERTO MISAHUALLI,470391.0,5
GOBIERNO AUTONOMO PARROQUIAL RURAL DE CUMBARATZA,469727.35,6
UNIDAD NACIONAL AEROPOLICIAL,469676.27,32
BENEMERITO CUERPO DE BOMBEROS DE SANTO DOMINGO,469410.92,99
GOBIERNO AUTONOMO DESCENTRALIZADO PARROQUIAL RURAL DE BELLAVISTA,469327.19999999995,2
CUERPO DE BOMBEROS DE LATACUNGA,468646.24,18
BATALLON DE INFANTERIA MOTORIZADO N 13 ESMERALDAS,468176.3,154
GOBIERNO AUTONOMO DESCENTRALIZADO MUNICIPAL DEL CANTON OLMEDO,466550.65,90
GOBIERNO AUTONOMO DESCENTRALIZADO PARROQUIAL RURAL SAN ROQUE,466045.73,3
GOBIERNO AUTONOMO DESCENTRALIZADO MUNICIPAL DE ESPEJO,465003.04000000004,54
DIRECCION DISTRITAL 04D01-SAN PEDRO DE HUACA-TULCAN-SALUD,463673.56999999995,26
SUBDIRECCION ZONAL DEL LITORAL,463410.0,11
UNIDAD EDUCATIVA MIGUEL ITURRALDE,461959.28,99
Faeala21,461596.71,108
EMPRESA PUBLICA DE AGUA POTABLE Y ALCANTARILLADO DEL CANTON EL GUABO EPAAGUA,459594.17,58
HOSPITAL PEDIATRICO ALFONSO VILLAGOMEZ,458503.48,106
DIRECCION DISTRITAL-14D01-MORONA-MINISTERIO DE DESARROLLO HUMANO,458490.38,167
CENTRO DE GESTIÓN Y DESARROLLO SOCIAL DEL GOBIERNO AUTÓNOMO DESCENTRALIZADO DE LA PROVINCIA DEL CAÑAR,451983.54000000004,373
SERVICIO ECUATORIANO DE CAPACITACION PROFESIONAL,451915.86000000004,17
JUNTA PARROQUIAL DE MOLLETURO,451723.39,10
EMPRESA MUNICIPAL DE ASEO SANTA ROSA EMAS EP,451524.38,23
DIRECCION DISTRITAL 06D02 ALAUSI CHUNCHI SALUD,448581.98,44
"SUPERINTENDENCIA DE COMPANIAS, VALORES Y SEGUROS",448481.35,60
GOBIERNO AUTONOMO DESCENTRALIZADO MUNICIPAL DEL CANTON PINDAL,447735.05,112
Ala de Combate No. 22,447696.7,29
JEFATURA ZONAL DE INTERVENCION Y RESCATE QUITO,447488.36,60
SUMAK KAWSAY WASI INSTITUTO DE ATENCION SOCIAL PRIORITARIA DEL GOBIERNO PROVINCIAL DE NAPO,446610.48,196
SERVICIO DE CESANTIA DE LA POLICIA NACIONAL,446489.37,34
DIRECCION DISTRITAL 13D06 - JUNIN - BOLIVAR - PICHINCHA -SALUD,445839.03,53
GOBIERNO AUTONOMO DESCENTRALIZADO PARROQUIAL DE CHECA,445693.83999999997,65
JUNTA PARROQUIAL SAN JOSE DE MINAS,442320.27,102
HOSPITAL GERIATRICO DOCTOR BOLIVAR ARGUELLO P,441598.27,105
EMPRESA PUBLICA DE MOVILIDAD DE LA MANCOMUNIDAD DE COTOPAXI EPMC,441157.64,15
EMPRESA PUBLICA DE MOVILIDAD DEL GOBIERNO AUTONOMO DESCENTRALIZADO MUNICIPAL DEL CANTON GUALACEO,439636.06,31
GOBIERNO AUTONOMO DESCENTRALIZADO PARROQUIAL RURAL DE LA MERCED,437863.55,92
EMPRESA ELECTRICA AZOGUES C.A.,437721.3,57
DIRECCION DISTRITAL 02D01-GUARANDA-BOLIVAR-MIT,436104.88999999996,15
FISCALIA DEL GUAYAS,434705.24,36
MINISTERIO DE TRANSPORTE,434477.43,14
DIRECCION PROVINCIAL DE SALUD DE ORELLANA,432295.54,33
GOBIERNO AUTONOMO DESCENTRALIZADO RURAL DE PINTAG,431644.93,28
GOBIERNO AUTONOMO DESCENTRALIZADO PARROQUIA RURAL GUALEA,430711.63999999996,63
JUNTA PARROQUIAL LIMONCOCHA,430686.58,10
DIRECCION DISTRITAL 13D04 24 DE MAYO SANTA ANA OLMEDO,429597.41,5
HOSPITAL GENERAL II DE LIBERTAD,428066.21,43
EMPRESA PUBLICA MUNICIPAL DE TRANSITO Y MOVILIDAD DE DAULE EP,426931.08,44
HOSPITAL BASICO MARIA LORENA SERRANO,425726.66,76
GOBIERNO AUTONOMO DESCENTRALIZADO MUNICIPAL DEL CANTON SEVILLA DE ORO,425333.83,115
Direccion Provincial del Consejo de la Judicatura de Santa Elena,424510.45999999996,19
COMANDO PROVINCIAL DE POLICIA SUCUMBIOS N.-21,424478.30000000005,10
E-P EMPRESA MUNICIPAL DE AGUA POTABLE Y ALCANTARILLADO DE GUARANDA E-P EMAPA-G,424106.57,37
"EMPRESA PUBLICA MUNICIPAL DE AGUA POTABLE, ALCANTARILLADO Y SANEAMIENTO AMBIENTAL DEL CANTON AZOGUES",423973.68,65
GOBIERNO AUTONOMO DESCENTRALIZADO PARROQUIAL RURAL DE MALIMPIA,423813.05000000005,68
DIRECCIÓN DISTRITAL 09D02 - XIMENA 2 -  EDUCACIÓN,423741.36,130
DIRECCION DISTRITAL 12D02 - PUEBLOVIEJO - URDANETA - SALUD,422622.52,19
Junta Parroquial de Nono,422290.12,29
DIRECCIÓN DISTRITAL 11D01-LOJA-LOJA-MTOP,421122.05,14
DIRECCION DISTRITAL 03D02-CAÑAR-EL TAMBO-SUSCAL-EDUCACION,420098.89,81
COMITE DE DESARROLLO COMUNITARIO EL INGA BAJO,419002.08,1
DIRECCION DISTRITAL 09D13-BALZAR-COLIMES-PALESTINA-SALUD,418842.44000000006,22
UNIDAD EDUCATIVA DE FUERZAS ARMADAS COLEGIO MILITAR N. 10 ABDON CALDERON,418065.61,57
GOBIERNO AUTONOMO DESCENTRALIZADO DEL CANTON MARCABELI,417272.79000000004,109
JUNTA PARROQUIAL SANTA ELENA,416237.6,6
"EMPRESA PUBLICA MUNICIPAL DE PARQUES, CEMENTERIOS, AREAS VERDES, ZONAS DE RECREACION Y ESPACIOS CULTURALES DE PORTOVIEJO",415689.95,19
GOBIERNO AUTONOMO DESCENTRALIZADO PARROQUIAL RURAL DE BOMBOIZA,413780.38,45
GOBIERNO AUTONOMO DESCENTRALIZADO PARROQUIAL RURAL DE GENERAL FARFAN,410075.82,49
DIRECCIÓN DISTRITAL 14D04 GUALAQUIZA SAN JUAN BOSCO SALUD,406030.94,44
ESCUELA DE CONDUCTORES PROFESIONALES ESPOL EP,405874.2,72
FEDERACION ECUATORIANA DE ATLETISMO,405443.98000000004,15
Junta Parroquial de Quingeo,405403.61,11
GOBIERNO AUTONOMO DESCENTRALIZADO PARROQUIAL RURAL DE CHAVEZPAMBA,404727.42,33
DIRECCION DISTRITAL 07D01-CHILLA-EL GUABO-PASAJE-EDUCACION,403343.96,22
GOBIERNO AUTONOMO DESCENTRALIZADO PARROQUIAL RURAL ROSA FLORIDA,401485.88,4
DIRECCION DISTRITAL 05D01-LATACUNGA-SALUD,400770.61,14
EMPRESA PUBLICA ESPOCH,400639.42,54
DIRECCION DISTRITAL 13D03 JIPIJAPA PUERTO LOPEZ,400616.01,16
EMPRESA PUBLICA MUNICIPAL REGISTRO DE LA PROPIEDAD DEL CANTON SANTO DOMINGO,400239.73,87
SECRETARIA DE EDUCACION INTERCULTURAL BILINGÜE Y LA ETNOEDUCACION,398739.31,106
UNIDAD EDUCATIVA ALFG. VICTOR NARANJO FIALLO,395172.72,7
CENTRO CLINICO QUIRURGICO AMBULATORIO (HOSPITAL DEL DIA) - MACAS,394172.72000000003,160
DIRECCION DISTRITAL 17D12-PEDRO VICENTE MALDONADO-PUERTO QUITO-SAN MIGEL DE LOS BANCOS-EDUCACION,393428.53,19
GOBIERNO AUTONOMO DESCENTRALIZADO PARROQUIAL RURAL DE PUELLARO,392249.46,53
EMPRESA PUBLICA DE AGUA POTABLE Y ALCANTARILLADO DEL CANTON SANTA ROSA EMAPASR-EP,391905.29,27
DIRECCION DISTRITAL 02D04-CALUMA-ECHEANDIA-LAS NAVES-SALUD,391884.45,17
DIRECCION DISTRITAL 13D08 - PICHINCHA - EDUCACION,391799.02,107
Hospital Municipal Nuestra Señora de la Merced,390506.27999999997,68
Junta Parroquial de Sayausi,388538.63,66
JUNTA PARROQUIAL DE GUAYLLABAMBA,386510.46,4
MUNICIPIO DE ALFREDO BAQUERIZO MORENO (JUJAN),385447.54,53
EMMAIT-EP,383178.97,17
"MINISTERIO DE EDUCACION, DEPORTE Y CULTURA ZONA 2",382845.18,55
GOBIERNO AUTONOMO DESCENTRALIZADO PARROQUIAL DE TARQUI,382832.3,11
Patronato Municipal de Inclusión Social del Gobierno Autónomo Descentralizado Municipal de Santo Domingo,382323.8,237
DIRECCION DISTRITAL 21D02 LAGO AGRIO-SALUD,381217.45,90
DIRECCION DISTRITAL 09D21 SAN JACINTO DE YAGUACHI - EDUCACION,380474.08,64
"EMPRESA PUBLICA MUNICIPAL DE AGUA POTABLE ALCANTARILLADO FAENAMIENTO Y SERVICIOS PUBLICOS DEL CANTON SUCUA, EPMAPAF-SP",379670.11,95
JUNTA PARROQUIAL DE CHIGUAZA,379011.61,11
CENTRO DE APOYO SOCIAL MUNICIPAL DE LOJA,378150.94,189
GOBIERNO AUTONOMO DESCENTRALIZADO PARROQUIAL RURAL GUAYAS,378097.58999999997,7
GAD PARROQUIAL DE SANTA ROSA,377200.55,44
CENTRO CLINICO QUIRURGICO AMBULATORIO HOSPITAL DEL DIA NUEVA LOJA,376824.33,99
JUNTA NACIONAL DE DEFENSA DEL ARTESANO,376389.32,44
CONSEJO NACIONAL ELECTORAL DELEGACION PROVINCIAL DEL GUAYAS,376132.52,89
BASE AEREA MARISCAL SUCRE BAMAS,372220.28,202
CUERPO DE BOMBEROS DEL CANTON SALCEDO,370256.4,9
DIRECCION PROVINCIAL DEL CONSEJO DE LA JUDICATURA NAPO,369924.0,54
DIRECCION DISTRITAL 07D06-SANTA ROSA-EDUCACION,366662.28,79
UNIDAD NACIONAL DE INVESTIGACION ANTIDELICUENCIAL,366449.02,29
GOBIERNO AUTONOMO DESCENTRALIZADO MUNICIPAL DE BALSAS PROVINCIA DE EL ORO,365946.56,95
CENTRO CLINICO QUIRURGICO AMBULATORIO HOSPITAL DEL DIA EL BATAN,365796.99,106
DIRECCION DISTRITAL 09D13 BALZAR COLIMES PALESTINA EDUCACION,365339.45,73
GOBIERNO AUTONOMO DESCENTRALIZADO PARROQUIAL RURAL SAN ANTONIO DE PICHINCHA ,365008.98,78
Empresa Pública de Servicios Municipales Antonio Ante SERMAA-EP,364737.18,227
DIRECCION DISTRITAL 07D04-BALSAS-MARCABELI-PIÑAS-SALUD,364572.8,26
DIRECCION DISTRITAL 01D03-GIRON A SANTA ISABEL-EDUCACION,363817.39,44
DIRECCION DISTRITAL DE SALUD N.- 01D06,362699.07,17
UNIDAD EDUCATIVA LICEO POLICIAL,361392.92,119
JEFATURA ZONAL DE POLICIA MONTADA GUAYAS,359674.44,9
DIRECCION DISTRITAL 14D01-MORONA-SALUD,358411.16000000003,23
DIRECCION DISTRITAL06D03-CUMANDA-PALLATANGA-EDUCACION,357840.83999999997,53
"EMPRESA PUBLICA MUNICIPAL MERCADO DE PRODUCTORES AGRICOLAS ""SAN PEDRO DE RIOBAMBA""",357530.17,70
SUBZONA BOLIVAR,357104.64,70
COORDINACION ZONAL 5 DEL MINISTERIO DE INCLUSION ECONOMICA Y SOCIAL,356335.25,37
GOBIERNO AUTONOMO DESCENTRALIZADO MUNICIPAL DE PALLATANGA,356282.57,136
Gobierno Municipal del Cantón Puerto López,354765.0,91
GOBIERNO AUTONOMO DESCENTRALIZADO MUNICIPAL DE SAN FERNANDO,354402.45999999996,130
Direccion Distrital 06D05-Guano Penipe-Educacion,354229.4,40
FEDERACION DEPORTIVA DEL AZUAY,353632.76,62
JUNTA PARROQUIAL NANEGALITO,353184.11,143
DIRECCION DISTRITAL 21D02C01-NUEVA LOJA-SUCUMBIOS-MIT,352791.81,21
Cuerpo de Bomberos de Quevedo,352519.57,5
DIRECCION DISTRITAL 14D02-HUAMBOYA-PABLO SEXTO-PALORA-EDUCACION,352242.37,42
EMPRESA PUBLICA PARA EL FOMENTO AGROPECUARIO Y PRODUCTIVO DE ZAMORA CHINCHIPE AGROPZACHIN EP,351979.8,51
CENTRO DE ESPECIALIDADES OTAVALO,351779.54000000004,56
UNIVERSIDAD DE SEGURIDAD CIUDADANA Y CIENCIAS POLICIALES (USECIPOL),351567.52,45
Guardia Ciudadana de Cuenca,351423.98,44
CUERPO DE BOMBEROS DE GUALACEO,350997.63,78
COORDINACIÓN ZONAL 4 MIES,350886.56,41
COORDINACION ZONAL 3 - INEC,350782.55,152
CENTRO CLINICO QUIRURGICO AMBULATORIO HOSPITAL DEL DIA TULCAN,350394.87,102
DIRECCION DISTRITAL NO. 08D02 - ELOY ALFARO - SALUD,350071.0,18
CENTRO DE SALUD A - SANTA CRUZ,349538.48,76
DIRECCION DISTRITAL DE SALUD NO.09D12,348066.68,5
BIBLIOTECA NACIONAL EUGENIO ESPEJO,347319.80000000005,4
HOSPITAL BÁSICO AIDA LEÓN DE RODRÍGUEZ LARA,346288.0,125
GOBIERNO AUTONOMO DESCENTRALIZADO PARROQUIAL DE SAN JOAQUIN,344359.16000000003,47
EMPRESA PUBLICA SERVICIOS POSTALES DEL ECUADOR SPE EP,343396.32,5
SUBZONA MORONA SANTIAGO,343096.64,50
BRIGADA DE INFANTERIA NO 1 EL ORO,341931.52999999997,114
AUTORIDAD PORTUARIA DE PUERTO BOLIVAR,340732.82999999996,58
DIRECCION DISTRITAL DE SALUD NO.09D22,340153.23,20
DISTRITO ELOY ALFARO,339873.5,28
JUNTA PARROQUIAL DE CUMBE,338985.15,67
DIRECION DISTRITAL 01D08 - SIGSIG - SALUD,337208.56,69
GOBIERNO AUTONOMO DESCENTRALIZADO DE LA PARROQUIA DE PUEMBO,336349.04,1
Unidad de Lucha Contra el Crimen Organizado,336211.52,48
Junta Parroquial de Zapotal,335625.23000000004,73
REGISTRO DE LA PROPIEDAD DEL CANTON CUENCA,334303.56,121
GOBIERNO AUTONOMO DESCENTRALIZADO PARROQUIAL DEL QUINCHE,333609.13,51
GOBIERNO AUTONOMO DESCENTRALIZADO PARROQUIAL SAN ANDRES DE TADAY,332082.95999999996,28
GOBIERNO AUTONOMO DESCENTRALIZADO PARROQUIAL RURAL DE PUERTO NAPO,330555.16,31
GOBIERNO AUTONOMO DESCENTRALIZADO DEL CANTON QUILANGA,328234.68,25
DIRECCION DISTRITAL 14D03- LOGROÑO- SUCUA - EDUCACION,327890.27,137
Junta Parroquial de Yaruqui,327029.72,52
DIRECCION DISTRITAL 04D01-SAN PEDRO DE HUACA-TULCAN-MINISTERIO DE DESARROLLO HUMANO,324929.58,96
Junta Parroquial de Antonio Sotomayor,323990.37,10
SUPERINTENDENCIA DE PROTECCION DE DATOS PERSONALES,323485.1,86
Cuerpo de Bomberos de Cayambe,323356.45,73
CENTRO DE ESPECIALIDADES BALZAR,322199.6,63
CENTRO DE SALUD A - LOS ESTEROS,321519.64,54
DIRECCION DISTRITAL 01D01C01- CUENCA - CAÑARIBAMBA - AZUAY - MTOP,321085.72,7
DIRECCION DISTRITAL 09D15-EL EMPALME-SALUD,320493.66000000003,7
UNIDAD DE ASISTENCIA MEDICA DESARROLLO SOCIAL Y CULTURAL ADSCRITO AL GOBIERNO AUTONOMO DESCENTRALIZADO DE LA PROVINCIA DE ESMERALDAS,319893.14,96
DIRECCIÓN DE MOVILIZACIÓN DEL CC.FF.AA.,319791.04,38
DIRECCION DISTRITAL 05D06-SALCEDO-SALUD,319695.81,67
GOBIERNO PARROQUIAL DE GUADALUPE,319582.57,8
DIRECCION DISTRITAL 06D01-CHAMBO-RIOBAMBA-EDUCACION,319133.33,109
HOSPITAL LUIS F. MARTINEZ,319009.01,106
"EMPRESA PUBLICA DE OBRAS, BIENES Y SERVICIOS UG-EP",318552.0,1
CENTRO NACIONAL DE INTELIGENCIA CNI,316339.76,39
DIRECCION DISTRITAL 03D01 AZOGUES BIBLIAN DELEG EDUCACION,315828.02,30
BENEMERITO CUERPO DE BOMBEROS DE VENTANAS,315624.31,7
GOBIERNO AUTONOMO DESCENTRALIZADO PARROQUIAL RURAL DE COLONCHE,314188.42,127
ESTACION NAVAL DE JAMBELI,313956.56,145
Cuerpo de Bomberos de Azogues,313112.20999999996,40
DIRECCION DISTRITAL 07D03-ATAHUALPA-PORTOVELO-ZARUMA-SALUD,312408.75,17
HOSPITAL BASICO SAN VICENTE DE PAUL-PASAJE,312214.62,3
Hospital General Jipijapa,308416.03,9
DIRECCION DE INVESTIGACION Y DESARROLLO - DIDE,307158.4,24
GOBIERNO AUTONOMO DESCENTRALIZADO PARROQUIAL DE CHIQUINTAD,305556.42000000004,118
GOBIERNO AUTONOMO DESCENTRALIZADO PARROQUIAL RURAL SANTA ROSA,305549.91,5
JUNTA PARROQUIAL DE CHARAPOTO ,304167.26,99
DIRECCION NACIONAL DE LOS ESPACIOS ACUATICOS,303628.43,53
Federacion Ecuatoriana de Ciclismo,303602.43,3
DIRECCION DISTRITAL DE SALUD N 13D04 24 DE MAYO - SANTA ANA - OLMEDO,302843.38,32
Junta Parroquial Rural San Carlos,302630.05,7
DIRECCIÓN DISTRITAL 04D03 ESPEJO MIRA - EDUCACIÓN,302439.58999999997,33
CORPORACION CIUDAD ALFARO,302043.84,5
REGISTRO DE LA PROPIEAD DEL CANTON IBARRA,301799.47000000003,52
MINISTERIO DE LA MUJER Y DERECHOS HUMANOS,301772.23,63
Consorcio de Municipios Amazónicos y Galápagos,301460.47,45
UNIDAD EDUCATIVA PATRIA,298386.3,72
Compañia de Economia Mixta Agroazuay GPA,298360.59,21
EMPRESA PUBLICA MUNICIPAL DE AGUA POTABLE ALCANTARILLADO Y SANEAMIENTO BASICO DE PEDRO MONCAYO,298233.8,43
GOBIERNO AUTONOMO DESCENTRALIZADO DE LA PARROQUIA DE GUANGOPOLO,297985.79,1
DIRECCION DISTRITAL 05D01 LATACUNGA MIES,297388.4,80
EMAC-BGP ENERGY COMPAÑIA DE ECONOMIA MIXTA CEM,296770.52,5
DIRECCION DISTRITAL 15D02 - EL CHACO - QUIJOS - SALUD,296405.23,76
Unidad Educativa Capitán Giovanni Calles,296048.42,72
Direccion Distrital 13D09 Pajan Educación,295666.07,5
UNIDAD EJECUTORA PARA LA PROTECCION DE DERECHOS,294995.13,246
DIRECCION DISTRITAL 14D06 - LIMON INDANZA - SANTIAGO TIWINTZA - SALUD,294512.83,41
MANABI PRODUCE-EP,293884.01,103
COMANDO LOGÍSTICO NO.25 REINO DE QUITO,293753.93,112
Empresa Publica Cuerpo de Bomberos de Milagro EP-CBM,293418.57,58
GOBIERNO AUTONOMO DESCENTRALIZADO PARROQUIAL RURAL PUERTO MURIALDO,289503.04,9
DIRECCIÓN DISTRITAL 09D10 - PARROQUIAS RURALES: (PROGRESO A ÁREA DE EXPANSIÓN DE GUAYAQUIL ) - EDUCACIÓN,287781.41,10
DIRECCION DISTRITAL 17D01 PARROQUIAS RURALES NANEGAL A NANEGALITO-EDUCACION,286666.21,4
Municipio de Olmedo,286252.26,76
EMPRESA PUBLICA VIAL PROVINCIAL DE LOS RIOS - VIALRIOS EP,286081.9,4
"EMPRESA PUBLICA MUNICIPAL DE MERCADOS, CENTROS COMERCIALES Y BAHIAS DEL CANTON BABAHOYO",285214.12,3
"Empresa Municipal de Agua Potable, Alcantarillado y Saneamiento de Gualaceo EP",285036.06,21
EMPRESA PÚBLICA MUNICIPAL DE AGUA POTABLE ALCANTARILLADO Y ASEO CAYAMBE EMAPAAC E.P,284987.84,59
COORDINACION ZONA 8 DEL MINISTERIO DE INCLUSION ECONOMICA Y SOCIAL,284949.67,172
DIRECCION DISTRITAL 13D 07-CHONE-FLAVIO ALFARO - MIES,284726.15,118
GOBIERNO AUTONOMO DESCENTRALIZADO PARROQUIAL RURAL DE OCTAVIO CORDERO PALACIOS,284579.02,54
GOBIERNO AUTONOMO DESCENTRALIZADO MUNICIPAL DEL CANTON ARENILLAS,283800.81,27
GOBIERNO AUTONOMO DESCENTRALIZADO PARROQUIAL RURAL DE CANELOS,283794.14,10
CENTRO DE SALUD B QUININDE,283158.5,70
DIRECCION PROVINCIAL DEL CONSEJO DE LA JUDICATURA TUNGURAHUA,280616.76,66
DIRECCIÓN DISTRITAL 01D07 - CAMILO PONCE ENRIQUEZ - EDUCACION,280473.73,35
SERVICIO PUBLICO PARA EL PAGO DE ACCIDENTES DE TRÁNSITO,280455.69,31
GOBIERNO AUTONOMO DESCENTRALIZADO PARROQUIAL RURAL DE CUMBAYA,280391.21,1
SUBZONA CAÑAR,279004.2,67
GOBIERNO AUTONOMO DESCENTRALIZADO PARROQUIAL RURAL DURENO,278487.19,6
"EMPRESA PÚBLICA MUNICIPAL DE MOVILIDAD, TRANSPORTE TERRESTRE, TRÁNSITO, SEGURIDAD VIAL Y TERMINALES TERRESTRES DE CHONE EP.",277898.51,16
EMPRESA ELECTRICA PROVINCIAL COTOPAXI SA ELEPCOSA EN LIQUIDACION,276920.13,4
GOBIERNO AUTONOMO DESCENTRALIZADO PARROQUIAL RURAL DIEZ DE AGOSTO,276307.7,8
"Facultad de Filosofia, Letras y Ciencias de la Educacion",275645.56,92
Cuerpo de Bomberos de Guamote,275215.91000000003,64
JUNTA PARROQUIAL INGAPIRCA,274975.82999999996,5
Dirección Distrital 16D02 - Arajuno - Educación,274910.56,23
"EMPRESA PÚBLICA MUNICIPAL MANCOMUNADA DE ASEO DE LOS CANTONES COLTA, ALAUSI Y GUAMOTE GACEMMA-EP.",273883.23,9
Corporacion del Seguro de Depositos,273431.4,1
JEFATURA ZONAL DE INTERVENCION Y RESCATE MANTA,273217.07,8
DIRECCION DISTRITAL 01D06 - EL PAN A SEVILLA DE ORO - EDUCACION,272724.16000000003,52
ESCUELA DE FORMACION DE SOLDADOS DE LA FUERZA TERRESTRE,271700.09,82
DIRECCION PROVINCIAL DEL CONSEJO DE LA JUDICATURA-CARCHI,271565.31,110
UNIVERSIDAD INTERCULTURAL DE LAS NACIONALIDADES Y PUEBLOS INDIGENAS AMAWTAY WASI,271477.89,49
DIRECCION DISTRITAL 13D09-PAJAN-SALUD,271230.06,10
CUERPO DE BOMBEROS DE MONTECRISTI,271225.45,68
DIRECCION DE SANIDAD DE LA ARMADA,270000.26,61
"EMPRESA PUBLICA DE CONSTRUCCIONES, VIVIENDA Y DE ASEO DE SANTO DOMINGO EP -CONST",269910.43,68
"MINISTERIO DEL AMBIENTE, AGUA Y TRANSICION ECOLOGICA",269466.41,32
DIRECCION DISTRITAL 22D03 - AGUARICO - SALUD,268238.11,22
UNEDAN,267748.7,102
GOBIERNO AUTONOMO DESCENTRALIZADO PARROQUIAL RURAL DE AMAGUAÑA,266615.56,82
ESCUELA SUPERIOR MIL,266393.64,95
DIRECCION DISTRITAL 07D04-BALSAS-MARCABELI-PIÑAS-MIES,266016.9,16
DIRECCION DISTRITAL 07D06-SANTA ROSA-SALUD,265038.64,37
DIRECCION DISTRITAL 21D02C01-NUEVA LOJA-SUCUMBIOS-MTOP,262577.23,13
DIRECCION DISTRITAL 16D01C01-PUYO-PASTAZA-MIT,262023.21,11
UNIDAD DE ACCION SOCIAL DEL GOBIERNO AUTONOMO DESCENTRALIZADO MUNICIPAL DEL CANTON LAGO AGRIO,261724.08000000002,615
IV DE AMAZONAS,261457.43000000002,58
"EMPRESA PUBLICA MUNICIPAL DE AGUA POTABLE, ALCANTARILLADO Y CONTROL DE INUNDACIONES CHONE",259472.26,33
UNIDAD EDUCATIVA GALILEO GALILEI,259377.83000000002,59
JUNTA PARROQUIAL DE RIVERA,258982.43999999997,12
Tribunal Contencioso Electoral,258389.6,76
CUERPO DE BOMBEROS DE TULCAN,258299.97,31
DIRECCION DISTRITAL 13D02 - JARAMIJO - MANTA - MONTECRISTI - MIES,257664.32,64
GOBIERNO AUTÓNOMO DESCENTRALIZADO DEL DISTRITO METROPOLITANO DE QUITO COMISIÓN METROPOLITANA DE LUCHA CONTRA LA CORRUPCIÓN,256478.72,44
GOBIERNO AUTONOMO DESCENTRALIZADO PARROQUIAL SIMIATUG,256056.81,9
GOBIERNO AUTONOMO DESCENTRALIZADO PARROQUIAL RURAL DE MONTALVO,255205.35,8
EMPRESA PÚBLICA MUNICIPAL EN MANCOMUNIDAD PARA  LA RECOLECCIÓN  Y PROCESAMIENTO  DE  DESECHOS  SOLIDOS,255021.68,10
GOBIERNO AUTONOMO DESCENTRALIZADO PARROQUIAL RURAL TALAG,254942.53,8
GOBIERNO AUTONOMO DESCENTRALIZADO PARROQUIAL RURAL DE LA UNION,252428.52,1
GOBIERNO AUTONOMO DESCENTRALIZADO PARROQUIAL RURAL SAN MATEO,252262.52000000002,50
DIRECCION DE VIVIENDA,251035.47,72
COORDINACIÓN ZONAL 9 - SENESCYT,250736.75,126
DIRECCION DISTRITAL 14D04 GUALAQUIZA SAN JUAN BOSCO EDUCACION,250440.34,52
DIRECCION DISTRITAL -17D11-MEJIA-RUMIÑAHUI-MINISTERIO DE DESARROLLO HUMANO,249634.48,160
CUERPO DE BOMBEROS DEL CANTON GUANO,249522.76,34
"DIRECCION DISTRITAL 19D02 CENTINELA DEL CONDOR, NANGARITZA, PAQUISHA SALUD",249011.34,38
Dirección Provincial del Consejo de la Judicatura - Cañar,248950.88,52
EMPRESA PUBLICA AMAZONICA UEA EP,248836.59,82
HOSPITAL GENERAL JULIUS DOEPFNER,248268.78,132
GOBIERNO AUTONOMO DESCENTRALIZADO DE LA PARROQUIA DE ZAMBIZA,247285.51,63
EMPRESA PUBLICA DE VIALIDAD DEL SUR VIALSUR E.P. EN LIQUIDACIÓN,247100.0,1
DIRECCION DISTRITAL 21D02 - LAGO AGRIO - MINISTERIO DE DESARROLLO HUMANO,246888.01,51
DIRECCION PROVINCIAL DE SALUD DE TUNGURAHUA,245199.68,35
GOBIERNO AUTONOMO DESCENTRALIZADO PARROQUIAL RURAL DE CHACARITA GADP RURAL CHACARITA,244964.15,45
EMPRESA PUBLICA MUNICIPAL DE TRANSITO Y MOVILIDAD TERRESTRE DE HUAQUILLAS EPMTMT-H,244848.91,61
GOBIERNO AUTONOMO DESCENTRALIZADO PARROQUIAL RURAL LA MAGDALENA,244285.78,21
GOBIERNO AUTONOMO DESCENTRALIZADO PARROQUIAL RURAL DE LOS ANGELES,243195.22,3
GOBIERNO AUTONOMO DESCENTRALIZADO PARROQUIAL RURAL DE TRIUNFO-DORADO,242158.26,4
GOBIERNO AUTONOMO DESCENTRALIZADO MUNICIPAL DEL CANTON EL PAN,242149.28,97
"MINISTERIO DE EDUCACION, DEPORTE Y CULTURA ZONA 1",241773.34000000003,3
CENTRO DE SALUD A - CALCETA,241760.22,28
CUERPO DE BOMBEROS DEL GOBIERNO AUTONOMO DESCENTRALIZADO MUNICIPAL DE SANTO DOMINGO,241692.73,3
Coordinacion zonal 9 INSPI - LIP,241652.74000000002,26
GOBIERNO AUTONOMO DESCENTRALIZADO RURAL EL PARAISO LA 14,241068.08000000002,2
DIRECCION DE DESARROLLO SOCIAL Y ECONOMICO DEL GOBIERNO AUTONOMO DESCENTRALIZADO MUNICIPAL DE TENA,240551.12,259
CUERPO DE BOMBEROS COTACACHI,238605.95,14
Empresa Municipal de Agua Potable y Saneamiento Ambiental Buena Fe,237998.31,26
GOBIERNO AUTONOMO DESCENTRALIZADO PARROQUIAL RURAL DE JOSE LUIS TAMAYO,237757.53999999998,174
DIRECCION DISTRITAL 08D01 - ESMERALDAS - MIES,237051.56,11
DIRECCION DISTRITAL 07D05-ARENILLAS-HUAQUILLAS-LAS LAJAS-SALUD,236786.1,35
CONSEJO CANTONAL PARA LA PROTECCIÓN DE DERECHOS DE SANTO DOMINGO,235510.94999999998,103
COORDINACION ZONAL - 1 SERVICIO INTEGRADO DE SEGURIDAD ECU 911,235396.23,84
SERVICIO NACIONAL DE DERECHOS INTELECTUALES,235067.24,85
COMANDO DE EDUCACION Y DOCTRINA MILITAR AEROESPACIAL,235066.6,7
CONSEJO DE SEGURIDAD CIUDADANA MUNICIPAL,233016.03,21
EMPRESA PUBLICA EMPRESA MUNICIPAL DE AGUA POTABLE Y ALCANTARILLADO DE RIOBAMBA EP-EMAPAR,232842.97999999998,3
DIRECCION DISTRITAL 04D01 SAN PEDRO DE HUACA TULCAN CARCHI MTOP,232646.61000000002,26
EMPRESA PÚBLICA PROVINCIAL SANTO DOMINGO CONSTRUYE EP,232417.46,92
INSTITUTO SUPERIOR UNIVERSITARIO POLICIA NACIONAL,232115.84999999998,43
"EMPRESA PUBLICA MUNICIPAL TÉCNICA Y DE CONTROL DE TRANSITO, TRANSPORTE TERRESTRE Y SEGURIDAD VIAL DEL CANTÓN LA LIBERTAD LALITRAN-EP",231779.99,32
Junta Parroquial de Cojimies,230940.94,4
GOBIERNO AUTONOMO DESCENTRALIZADO PARROQUIAL RURAL INES ARANGO,230706.78999999998,39
GOBIERNO AUTONOMO DESCENTRALIZADO PARROQUIAL RURAL SAN CARLOS DE NARANJAL,230263.94,53
DIRECCION DISTRITAL-06D01-CHAMBO-RIOBAMBA - MINISTERIO DE DESARROLLO HUMANO,230030.69,229
FACULTAD DE CIENCIAS ECONOMICAS  UNIVERSIDAD CENTRAL ECUADOR,228091.27,40
DIRECCION DISTRITAL 07D02-MACHALA-EL ORO-MTOP,226967.96,17
BASE AEREA COTOPAXI,226618.40000000002,121
SERVICIO ECUATORIANO DE NORMALIZACION,226243.38,24
EMPRESA PUBLICA DE VIVIENDA Y DESARROLLO URBANO EP,225694.47999999998,30
"EMPRESA PUBLICA MANCOMUNADA PARA LA GESTION INTEGRAL DE RESIDUOS SOLIDOS DE LOS GOBIERNOS AUTONOMOS DESCENTRALIZADOS MUNICIPALES DE ZARUMA, ATAHUALPA, PIÑAS Y PORTOVELO",224274.36,15
AGENCIA DE ASEGURAMIENTO DE LA CALIDAD DE LOS SERVICIOS DE SALUD Y MEDICINA PREPAGADA,223938.02000000002,47
CENTRO DE SALUD C - MATERNO INFANTIL Y EMERGENCIAS - ZARUMA,223828.04,97
GOBIERNO AUTONOMO DESCENTRALIZADO PARROQUIA RURAL CUYABENO,222862.52000000002,40
JUNTA PARROQUIAL DE CUTUGLAGUA,221732.9,35
UNIDAD DE VINCULACIÓN CON LA SOCIEDAD Y PRESTACIÓN DE SERVICIOS DE LA UNIVERSIDAD TÉCNICA DE AMBATO UVPSUTA,221411.74,146
FACULTAD DE CIENCIAS MEDICAS UCE,220811.37,108
DIRECCION DISTRITAL 02D01 GUARANDA - EDUCACION,220040.68,97
GOBIERNO AUTONOMO DESCENTRALIZADO PARROQUIAL RURAL DE ANCON,219883.97,2
Facultad de Ciencias Administrativas UCE,219309.63,81
Municipio de Bolívar,219079.49,3
GOBIERNO AUTONOMO DESCENTRALIZADO PARROQUIAL RURAL DE SANTA ANA,217326.18000000002,35
DIRECCION DISTRITAL 07D03-ATAHUALPA-PORTOVELO-ZARUMA EDUCACION,217311.83000000002,74
EMPRESA PUBLICA FARMACIAS MUNICIPALES SOLIDARIAS FARMASOL EP,216798.39,79
GOBIERNO AUTONOMO DESCENTRALIZADO PARROQUIAL DE MORASPUNGO,214146.46,32
DIRECCION PROVINCIAL DE SALUD DE NAPO,213765.72999999998,3
DIRECCION DISTRITAL 07D01-CHILLA-EL GUABO-PASAJE-SALUD,213764.91,9
INSTITUTO PROVINCIAL DE ASISTENCIA SOCIAL DE BOLIVAR - IPASB,213075.05,7
JUNTA PARROQUIAL DE CANUTO,212902.66,2
GOBIERNO AUTONOMO DESCENTRALIZADO PARROQUIAL RURAL LA PRIMAVERA,212187.57,5
BRIGADA DE INFANTERIA NO 31 ANDES,212183.4,102
DIRECCION PROVINCIAL DE SALUD DE EL ORO,211986.81,2
SUBZONA COTOPAXI,211928.45,12
GOBIERNO AUTONOMO DESCENTRALIZADO PARROQUIAL HONORATO VASQUEZ,211526.7,4
CONSEJO DE DESARROLLO Y PROMOCION DE LA INFORMACION Y COMUNICACION,211289.63,37
CUERPO DE BOMBEROS DEL CANTON MORONA,209688.74000000002,71
Cuerpo de Bomberos de Huaquillas,209162.05,27
DIRECCION DISTRITAL 18D03-BAÑOS DE AGUA SANTA-EDUCACION,209029.61,100
"GRUPO DE ARTILLERIA DE 105 MM N. 5 ""ATAHUALPA""",208861.5,144
DIRECCION DISTRITAL 12D03 - MOCACHE - QUEVEDO - MIES,207401.83000000002,21
DIRECCION DISTRITAL 12D05-PALENQUE-VINCES-SALUD,206268.13,5
CUERPO DE BOMBEROS GUARANDA,205812.0,34
Aldeas Infantiles SOS Ecuador,205801.6,114
COORDINACION ZONAL 8 - MINISTERIO DE DESAROLLO HUMANO,202741.67,28
BATALLON MONTUFAR,202500.15,40
DIRECCION DISTRITAL 11D04-CELICA-PINDAL-PUYANGO-EDUCACION,202063.33,28
DIRECCION DISTRITAL 15D02 -ELCHACO-QUIJOS-EDUCACION,202017.74,149
DIRECCION PROVINCIAL DEL CONSEJO DE LA JUDICATURA LOJA,201817.44,49
DIRECCION DISTRITAL 11D08 - SARAGURO - SALUD,200660.37,41
COORDINACION ZONAL 7 SENESCYT,199333.09,41
DIAF,198905.23,51
HOSPITAL SAN LUIS DE OTAVALO,198831.35,25
JUNTA PARROQUIAL CALACALI,198814.15,14
CENTRO DE SALUD B PORTOVIEJO,198791.0,97
Refineria del Pacifico RDP Compañia de Economia Mixta,198157.78,4
UNIDAD EDUCATIVALICEO GALAPAGOS,197190.4,9
EMPRESA PÚBLICA MUNICIPAL DE HABITAT DESARROLLO URBANO SOSTENIBLE Y VIVIENDA INNOVA EP,197142.38999999998,80
GOBIERNO AUTONOMO DESCENTRALIZADO PARROQUIAL SABANILLA GUAYAS,196882.94,2
GOBIERNO AUTONOMO DESCENTRALIZADO MUNICIPAL DEL CANTON SAN FELIPE DE OÑA,196856.5,11
MISION SOCIAL RUMIÑAHUI,196426.38,65
FUNDACIÓN MUNICIPAL BIENAL DE CUENCA,196273.66,49
Capitania del Puerto,196136.58000000002,88
EMPRESA PUBLICA MUNICIPAL DE TRANSFORMACION Y COMERCIALIZACION DE PRODUCTOS TIERRAS ALTAS,195859.08,5
GRUPO DE FUERZAS ESPECIALES N 26,194654.64,83
CUERPO DE BOMBEROS DE SHUSHUFINDI,194552.36,101
CUERPO DE BOMBEROS DEL CANTON PONCE ENRIQUEZ,194221.88999999998,10
INSTITUTO NACIONAL DE ECONOMIA POPULAR Y SOLIDARIA,194065.72,36
DIRECCION DISTRITAL 23D01-PARROQUIAS URBANAS RIO VERDE A CHIGUILPE Y PARROQUIAS RURALES ALLURIQUIN A PERIFERIA - MIES,194060.32,26
DIRECCION DISTRITAL 14D06 - LIMON INDANZA - SANTIAGO TIWINTZA - EDUCACION,193838.7,53
GOBIERNO AUTONOMO DESCENTRALIZADO PARROQUIAL RURAL DE RIO BLANCO,193596.88999999998,17
SUBZONA ZAMORA CHINCHIPE,192513.34,53
DIRECCION PROVINCIAL DE SALUD DE SANTA ELENA,192354.11,2
CUERPO DE BOMBEROS DEL CANTON LORETO,192340.12,11
GOBIERNO AUTONOMO DESCENTRALIZADO PARROQUIAL RURAL DE BUENAVISTA,192118.7,3
BRIGADA DE INTELIGENCIA MILITAR N 29 GRAL CALICUCHIMA,191805.62,6
GOBIERNO AUTONOMO DESCENTRALIZADO PARROQUIAL RURAL DE HATUN SUMAKU,191212.07,5
Direcciòn Distrital 05D01 Latacunga Educaciòn,190282.31,8
EMPRESA PUBLICA MUNICIPAL DE AGUA POTABLE Y ALCANTARILLADO DEL CANTON SAMBORONDON,190246.91,41
DIRECCION PROVINCIAL DEL CONSEJO DE LA JUDICATURA DE BOLIVAR,188012.53,64
CAPITANIA DEL PUERTO DE GUAYAQUIL,187918.07,116
GOBIERNO AUTONOMO DESCENTRALIZADO PARROQUIAL RURAL DE COTUNDO,187510.02,6
JEFATURA ZONAL DE POLICIA MONTADA CUENCA,187472.21,44
DIRECCION DISTRITAL 02D01- GUARANDA-SALUD,187070.59,11
DIRECCION DISTRITAL 09D09 - TARQUI-3-EDUCACION,186854.83,5
COORDINACION ZONAL 2-MINISTERIO DE DESARROLLO HUMANO,186701.47,143
Cuerpo de Bomberos de Naranjal,186172.57,12
COORDINACION ZONAL 6 SERVICIO INTEGRADO DE SEGURIDAD ECU 911,185818.79,21
HOSPITAL NAVAL DE ESMERALDAS,185765.09,71
DIRECCION PROVINCIAL DEL CONSEJO DE LA JUDICATURA SUCUMBIOS,185546.84,37
DIRECCION PROVINCIAL DE SALUD DE LOS RIOS,184267.49000000002,2
BATALLON DE SELVA No 56 TUNGURAHUA,183959.32,36
EMPRESA PUBLICA DEL COMPLEJO TURISTICO DE CHACHIMBIRO,183946.54,75
GOBIERNO AUTONOMO DESCENTRALIZADO PARROQUIAL RURAL SAN PEDRO DE LOS COFANES,183591.83,2
DIRECCION PROVINCIAL DEL CONSEJO DE LA JUDICATURA DE SANTO DOMINGO DE LOS TSACHILAS,183405.12,45
CENTRO PARA GRUPOS DE ATENCION PRIORITARIA CEGAP,183183.36,64
DIRECCION DISTRITAL 20D01 - SAN CRISTOBAL - SANTA CRUZ - ISABELA - SALUD,183058.1,8
JUNTA PARROQUIAL RURAL PIMOCHA,183037.86,7
JUNTA PARROQUIAL DE ATAHUALPA,182992.53999999998,29
EMPRESA MANCOMUNADA DE MOVILIDAD SUSTENTABLE DE ZAMORA CHINCHIPE E.P.,182639.09,26
EMPRESAPUBLICAMUNICIPALDESERVICIOSDERASTROYPLAZASDEGANADO,182423.16,48
CENTRO DE SALUD A - PAJAN,182259.71000000002,20
EMPRESA PUBLICA MUNICIPAL DE TRANSITO DE EL GUABO EPMT-G,182076.73,34
CENTRO DE SALUD A-MACHACHI,181641.37,60
Junta Parroquial Isla Santa María,181593.0,3
INSTITUTO GEOFISICO,181542.37,8
GOBIERNO AUTONOMO DESCENTRALIZADO PARROQUIAL DE SIDCAY,181362.53,57
GOBIERNO AUTONOMO DESCENTRALIZADO PARROQUIAL RURAL DE AUGUSTO N. MARTINEZ GADPRANM,181286.94,139
JUNTA PARROQUIAL SAN PABLO DE USHPAYACU,181150.8,17
DIRECCION DISTRITAL 06D01-CHAMBO-RIOBAMBA-CHIMBORAZO-MTOP,180600.03999999998,9
GOBIERNO AUTONOMO DESCENTRALIZADO PARROQUIAL RURAL DE TIXAN,180526.55,16
"EMPRESA PUBLICA MUNICIPAL DE SERVICIOS DE CEMENTERIOS, SALAS DE VELACIONES Y EXEQUIAS DEL CANTON CUENCA EMUCE EP.",180440.36000000002,6
GOBIERNO AUTONOMO DESCENTRALIZADO PARROQUIAL RURAL DE LLACAO,179652.5,50
ESCUELA SUPERIOR DE POLICIA,179611.27,17
JUNTA PARROQUIAL DE CHIBUNGA,179486.68,24
CUERPO DE BOMBEROS DEL CANTON LA MANA,179272.91,30
SUPERINTENDENCIA DE ORDENAMIENTO TERRITORIAL USO Y GESTION DEL SUELO,178819.49,99
GOBIERNO AUTONOMO DESCENTRALIZADO PARROQUIAL RURAL DE UZHCURRUMI,178437.87,3
GOBIERNO AUTONOMO DESCENTRALIZADO PARROQUIAL DE ZAMBI,178373.95,4
CENTRO DE SALUD B - BUCAY,178247.28999999998,118
DIRECCION DISTRITAL 22D02-LORETO-ORELLANA-MINISTERIO DE DESARROLLO HUMANO,176377.66999999998,98
SERVICIO NACIONAL DE ADUANA DEL ECUADOR - DISTRITO GUAYAQUIL,176370.03999999998,2
ACCION SOCIAL DEL GOBIERNO AUTONOMO DESCENTRALIZADO MUNICIPAL DEL CANTON MEJIA,175625.91,171
DIRECCION DISTRITAL 13D12-ROCAFUERTE-TOSAGUA-SALUD,175184.04,10
GOBIERNO AUTONOMO PARROQUIAL DE SINAI,174957.73,12
DIRECCION DISTRITAL 09D18 -CRNEL. MARCELINO MARIDUEÑA- NARANJITO - EDUCACION,174697.06999999998,26
GOBIERNO AUTONOMO DESCENTRALIZADO PARROQUIAL DE ALSHI 9 DE OCTUBRE,174424.94,57
CONSEJO NACIONAL ELECTORAL DELEGACION DE LOS RIOS,174023.3,66
EMPRESA PUBLICA MUNICIPAL DE VIVIENDA DEL CANTON PORTOVIEJO,173886.41,13
HOSPITAL BASICO SAN ANDRES,173053.89,3
CUERPO DE BOMBEROS DE ESMERALDAS,173038.25,4
SUPERINTENDENCIA DE COMPETENCIA ECONOMICA,172986.75,62
Empresa Pública Metropolitana de servicios aeroportuarios y Gestión de Zonas Francas y Regímenes Especiales,172663.53,26
GOBIERNO AUTONOMO DESCENTRALIZADO PARROQUIAL RURAL DE SAN FRANCISCO DE BORJA,172380.69,158
Empresa Publica de Agua Potable y Alcantarillado de Rocafuerte,172243.91,41
UNIDAD EDUCATIVA FAE NO. 2,172194.27000000002,27
DIRECCIÓN DISTRITAL 10D01-IBARRA-PIMAMPIRO-SAN MIGUEL DE URCUQUÍ-IMBABURA-MTOP,171561.91,27
UNIDAD NACIONAL DE DELITOS HIDROCARBURIFICOS,171295.46,93
ESTACION EXPERIMENTAL TROPICAL PICHILINGUE,171149.64,133
GOBIERNO AUTONOMO DESCENTRALIZADO PARROQUIAL RURAL DE LA VICTORIA,170941.72,68
Federacion Deportiva de Cotopaxi,170939.43,59
GOBIERNO AUTONOMO DESCENTRALIZADO PARROQUIAL SAN JOSE DE POALO,170867.69999999998,27
DIRECCION NACIONAL DE TECNOLOGIAS DE LA INFORMACION Y COMUNICACION,170837.80000000002,9
GOBIERNO AUTONOMO DESCENTRALIZADO PARROQUIAL DE CHAUCHA,169928.61,10
GOBIERNO AUTONOMO DESCENTRALIZADO PARROQUIAL RURAL DE MANGLARALTO,169506.13,42
EMPRESA MUNICIPAL DE AGUA POTABLE Y ALCANTARILLADO DE SALITRE Y SUS SECTORES DE INFLUENCIA EMPAS-EP,168150.0,2
Junta Parroquial San Plácido,168101.19,63
GOBIERNO AUTONOMO DESCENTRALIZADO PARROQUIAL RURAL DE CARONDELET,167670.53,2
GOBIERNO AUTONOMO DESCENTRALIZADO PARROQUIAL LUIS CORDERO,167583.38999999998,9
JUNTA PARROQUIAL DE RUMIPAMBA,167396.59,7
CENTRO DE SALUD B - CAÑAR,166582.19,99
COORDINACION ZONAL - 5 Y 8 SERVICIO INTEGRADO DE SEGURIDAD ECU 911,166555.01,61
HOSPITAL BASICO ALAUSI,165937.9,109
BENEMERITO CUERPO DE BOMBEROS DE PASAJE,165703.23,79
CUERPO DE BOMBEROS DEL CANTON TENA,164977.78999999998,89
DIRECCION DISTRITAL 09D03 - GARCIA MORENO A ROCA - MIES,164977.37,146
INSTITUCION AUTONOMA CUERPO DE BOMBEROS DEL CANTON PELILEO,164414.03,48
DIRECCION DE EDUCACION Y DOCTRINA MILITAR TERRESTRE,164379.0,1
DIRECCION DISTRITAL 19D04 EL PANGUI YANTZAZA EDUCACION,164377.06,3
GRUPO DE FUERZAS ESPECIALES NO.53 RAYO,164206.47,53
Hospital Básico del Cantón Pichincha,164025.03,93
EMPRESA PUBLICA MUNICIPAL DEL REGISTRO DE LA PROPIEDAD Y MERCANTIL DEL CANTON SAN FRANCISCO DE MILAGRO,164013.87,4
DIRECCION DISTRITAL 19D03-CHINCHIPE-PALANDA-EDUCACION,163789.93,24
"Fundación Municipal ""Turismo para Cuenca""",163738.46000000002,4
GOBIERNO AUTONOMO DESCENTRALIZADO PARROQUIAL RURAL LUIS VARGAS TORRES,163725.31,1
EMPRESA PUBLICA MUNICIPAL DE SERVICIOS PUBLICOS Y ASISTENCIA SOCIAL DEL CANTON JUJAN EPM-SPAS-JU,163350.17,21
Direccion Distrital 20D01 San Cristobal - Santa Cruz - Isabela - Educacion,163184.03999999998,16
GOBIERNO AUTONOMO DESCENTRALIZADO PARROQUIAL RURAL LICTO,162277.97,61
Cuerpo de Bomberos de Quininde,162242.23,38
GOBIERNO AUTONOMO DESCENTRALIZADO DE LA PARROQUIA RURAL PUERTO CAYO,162186.13,1
SECRETARIA DE GESTION Y DESARROLLO DE PUEBLOS Y NACIONALIDADES,161508.9,35
CUERPO DE BOMBEROS DEL CANTON ATACAMES,161318.25,91
DIRECCION DISTRITAL 05D03 PANGUA EDUCACION,161225.97,29
JUNTA PARROQUIAL SARDINAS,161120.6,6
CONSEJO NACIONAL ELECTORAL DELEGACION PROVINCIAL DE PICHINCHA,160728.39,104
IESS UNIDAD DE ATENCION AMBULATORIA SAN CRISTOBAL,160555.94,53
EMPRESA PUBLICA MUNICIPAL DE AGUA POTABLE Y ALCANTARILLADO DE LA TRONCAL - EMAPAT EP,160364.06,76
MANCOMUNIDAD CENTRO SUR GUAYAS,160313.33000000002,3
DIRECCION DISTRITAL 03D02 CAÑAR-EL TAMBO- SUSCAL-SALUD,159023.67,54
GAD PARROQUIAL RURAL DE SABANILLA CANTON ZAMORA,158323.9,41
DIRECCION DISTRITAL 24D01- SANTA ELENA - SALUD,158100.58,22
SUBZONA PASTAZA,158054.83,14
GOBIERNO AUTONOMO DESCENTRALIZADO PARROQUIAL DE TUMBACO,157559.6,9
CONSORCIO VIAL AHUACA,156951.4,10
DIRECCION PROVINCIAL DEL CONSEJO DE LA JUDICATURA COTOPAXI,156913.81,28
GOBIERNO AUTONOMO DESCENTRALIZADO DE LA PARROQUIA EL LUCERO,156138.36000000002,4
GOBIERNO AUTONOMO DESCENTRALIZADO RURAL DE GARCIA MORENO,155961.27,169
junta parroquial de cuyuja,155882.41,30
GOBIERNO AUTONOMO DESCENTRALIZADO PARROQUIAL EL ROSARIO,154757.08,4
CENTRO DE INTELIGENCIA ESTRATEGICA,154584.72,2
GOBIERNO AUTONOMO DESCENTRALIZADO PARROQUIAL RURAL DE SANTA ROSA,154082.18,60
DIRECCION DISTRITAL 08D01- ESMERALDAS- MINISTERIO DE DESARROLLO HUMANO,153962.82,102
CUERPO DE BOMBEROS DE SANTA ELENA,153317.35,50
DIRECCION DISTRITAL 17D02-CALDERON-LLANO CHICO-GUAYLLABAMBA-PICHINCHA-MTOP,153010.6,25
GOBIERNO AUTONOMO DESCENTRALIZADO PARROQUIAL RURAL DE ROBERTO ASTUDILLO,152335.65,5
DIRECCION DISTRITAL 11D02 CATAMAYOCHAGUARPAMBA OLMEDO EDUCACION,152150.64,13
GOBIERNO AUTONOMO DESCENTRALIZADO PARROQUIAL RURAL SIETE DE JULIO,151674.17,3
ARCHIVO HISTORICO NACIONAL,151374.08,6
PATRONATO MUNICIPAL DE LATACUNGA,150859.09,157
BENEMERITO CUERPO DE BOMBEROS DE BABAHOYO,150660.96,43
COORDINACION ZONAL 3-MIES,149750.03,72
Empresa Publica Museo Arqueologico y Centro Cultural de Orellana,149731.34999999998,63
GOBIERNO AUTONOMO DESCENTRALIZADO PARROQUIAL RURAL DE SAN ANDRES DE PILLARO,149681.44,72
GOBIERNO AUTONOMO DESENTRALIZADO PARROQUIAL SANTA MARIA DEL TOACHI,149470.23,8
DIRECCION DISTRITAL 04D01 - SAN PEDRO DE HUACA - TULCAN - EDUCACION,149345.57,32
UNIDAD EDUCATIVA LICEO POLICIAL NO.1 GRAL. GALO FLOR PINTO,148925.0,1
Dirección Provincial del Consejo de la Judicatura Morona Santiago,148789.27000000002,49
CUERPO DE BOMBEROS DEL CANTON SAN MIGUEL DE LOS BANCOS,148707.78,9
DIRECCION DISTRITAL 18D04 - PATATE -SAN PEDRO DE PELILEO - EDUCACION,148525.41999999998,47
DIRECCION DISTRITAL 11D06- CALVAS-GONZANAMA-QUILANGA-SALUD,148492.48,48
CENTRO DE SALUD C - NARANJAL,148169.56,76
DIRECCION DISTRITAL 06D04-COLTA-GUAMOTE-EDUCACION,147709.31,46
Centro de Rehabilitacion Integral Especializado Azogues,147629.27,75
Fiscalia de El Oro,146965.12,38
GOBIERNO DESCENTRALIZADO PARROQUIAL RURAL DE ANGOCHAGUA GADPRA,146587.24,74
SUPERINTENDENCIA DE BALAO,145940.54,3
GOBIERNO AUTONOMO DESCENTRALIZADO PARROQUIAL RURAL DE TUTUPALI,145693.19,24
DIRECCION DISTRITAL 09D17 - MILAGRO - MIES,145628.07,18
DIRECCION DISTRITAL 07D04-BALSAS-MARCABELI-PIÑAS-MINISTERIO DE DESARROLLO HUMANO,145616.03,109
"INSTITUTO TECNOLOGICO SUPERIOR ""CENTRO TECNOLOGICO NAVAL""",145011.87,123
COORDINACION ZONAL 6 - MIES,144918.37,140
FEDERACION ECUATORIANA DE DEPORTES ECUESTRES,144697.5,2
"MINISTERIO DEL TRABAJO, REGIONAL 2, LITORAL Y GALÁPAGOS",144457.96,3
GOBIERNO PARROQUIAL RURAL DE SAN CARLOS DE LAS MINAS,144434.37,3
DIRECCION DISTRITAL 10D01-IBARRA-PIMAMPIRO-SAN MIGUEL DE URCUQUI-IMBABURA-MIT,144311.11,5
AGRUPAMIENTO DE COMUNICACIONES Y GUERRA ELECTRONICA,143777.63,33
EMPRESA PUBLICA MUNICIPAL DE AGUA POTABLE Y ALCANTARILLADO DE PEDERNALES EPMAPA - PED,143500.7,6
CENTRO DE SALUD  B -PASAJE,143244.18999999997,53
Unidad Educativa Jose de Villamil,142995.86,66
CONSEJO NACIONAL PARA LA IGUALDAD DE DISCAPACIDADES,142801.76,59
INSTITUTO NACIONAL DE METEOROLOGÍA E HIDROLOGÍA,142655.33,42
CENTRO DE SALUD A - PARQUE INDUSTRIAL,141997.66,50
GOBIERNO AUTONOMO DESCENTRALIZADO DE LA PARROQUIA DE BORBON,141754.84,3
JUNTA PARROQUIAL SAN JUAN,141523.54,50
COORDINACION ZONAL 7-MIES,141178.99,39
COORDINACION ZONAL 4 - MINISTERIO DE DESARROLLO HUMANO,141053.07,33
DIRECCION DISTRITAL 13D10 JAMA-PEDERNALES-MIES,140460.52,10
Centro de Investigacion y Desarrollo de la FAE,140332.41,122
GOBIERNO AUTONOMO DESCENTRALIZADO PARROQUIAL RURAL DE LIMONAL,139739.64,5
GOBIERNO AUTONOMO DESCENTRALIZADO PARROQUIAL RURAL DE SAN JUAN DE PASTOCALLE,139620.8,3
UNIDAD EDUCATIVA POLICIA NACIONAL,139536.77,1
DIRECCIÓN DISTRITAL 15D01-ARCHIDONA-CARLOS JULIO AROSEMENA TOLA-TENA-NAPO-MTOP,139317.39,9
CUERPO DE BOMBEROS DE LA LIBERTAD,139114.06,21
GOBIERNO AUTONOMO DESCENTRALIZADO PARROQUIAL RURAL DE CHANDUY,138211.91,36
GOBIERNO AUTONOMO DESCENTRALIZADO MUNICIPAL DE PANGUA,137551.0,2
GOBIERNO AUTONOMO DESCENTRALIZADO DE LA PARROQUIA RURAL DE JULCUY,137543.63,4
GOBIERNO AUTONOMO DESCENTRALIZADO PARROQUIAL RURAL DE AGUAS NEGRAS,137511.78,2
GOBIERNO AUTONOMO DESCENTRALIZADO PARROQUIAL RURAL DE NAYON,137414.38,110
BANCO DE DESARROLLO DEL ECUADOR B.P. SUCURSAL ZONAL DEL AUSTRO,137331.91,23
UNIDAD EDUCATIVA FAE NO. 1,136765.57,97
JUNTA PARROQUIAL ZUMBAHUA,136072.57,101
GOBIERNO AUTONOMO DESCENTRALIZADO PARROQUIAL RURAL DE MALDONADO,135962.0,2
GOBIERNO AUTONOMO DESCENTRALIZADO PARROQUIAL DE JUNCAL,135800.1,20
CENTRO DE SALUD A - VINCES,135465.91999999998,87
Cuerpo de Bomberos de Caluma,134733.34,22
CENTRO DE SALUD B - EL EMPALME,134281.97,71
DIRECCION DISTRITAL 02D02 CHILLANES EDUCACION,134185.28,34
HOSPITAL BASICO 7BI LOJA,133838.74000000002,84
GOBIERNO AUTONOMO DESCENTRALIZADO PARROQUIAL RURAL DE COJITAMBO,133742.24,14
REGISTRO DE LA PROPIEDAD DEL CANTON LOJA,133640.06,40
CAPITANIA DEL PUERTO DE ESMERALDAS,133295.01,77
JUNTA PARROQUIAL DE PANO,133150.98,52
GOBIERNO AUTONOMO DESCENTRALIZADO PARROQUIAL RURAL DE TUNDAYME,133085.66999999998,3
ESCUELA TECNICA DE LA FUERZA AEREA,133024.81,24
PATRONATO DE AMPARO SOCIAL DEL GAD MUNICIPAL DE TULCAN,132987.9,94
GOBIERNO AUTONOMO DESCENTRALIZADO PARROQUIAL RURAL JUAN MONTALVO,132972.97,24
GOBIERNO AUTONOMO DESCENTRALIZADO PARROQUIAL GUAPAN,132845.04,26
Hospital Psiquiátrico San Lázaro,132800.52000000002,23
COMITE PROMEJORAS BARRIO EL BELEN,132788.01,4
GOBIERNO AUTONOMO DESCENTRALIZADO PARROQUIAL RURAL DE LA ASUNCION,132430.62,33
SECRETARIA NACIONAL DE PLANIFICACION,131954.64,38
GOBIERNO AUTONOMO DESCENTRALIZADO PARROQUIAL RURAL DE PINLLOPATA,131694.49,14
GOBIERNO AUTONOMO DESCENTRALIZADO PARROQUIAL RURAL GONZALO PIZARRO,131172.55,5
CONSEJO CANTONAL DE PROTECCIÓN DE DERECHOS CUENCA,130785.79000000001,29
CONSORCIO EL ROCIO,130632.15,54
DIRECCION DISTRITAL 09D09-TARQUI -3-MAG,130609.12,46
ESPE-INNOVATIVA E.P.,130297.03,83
GOBIERNO AUTONOMO DESCENTRALIZADO PARROQUIAL RURAL DE SAN BARTOLOME DE PINLLO,130214.82,2
DIRECCION DISTRITAL 09D17 - MILAGRO - MINISTERIO DE DESARROLLO HUMANO,130182.18,87
Junta Parroquial de Julio Andrade,130155.56,7
REGISTRO MUNICIPAL DE LA PROPIEDAD DEL CANTON MACHALA,129396.68,90
GOBIERNO AUTONOMO DESCENTRALIZADO PARROQUIAL RURAL CUSUBAMBA,129370.31,8
DIRECCION DISTRITAL 01D04- CHORDELEG GUALACEO-EDUCACION,128973.08,24
GOBIERNO AUTONOMO DESCENTRALIZADO PARROQUIAL VICTORIA DEL PORTETE,128946.23,60
CUERPO DE BOMBEROS DE PATATE,128701.95,35
GOBIERNO AUTONOMO DESCENTRALIZADO PARROQUIAL RURAL DE SANTIAGO DE QUITO,128493.65999999999,5
CUERPO DE BOMBEROS DE YAGUACHI,128149.62999999999,78
EMPRESA PUBLICA DE LA UNIVERSIDAD DE LAS ARTES - UARTES EP,127878.12,55
DIRECCION DISTRITAL 13D03 -JIPIJAPA-PUERTO LOPEZ-SALUD,127791.29,3
GOBIERNO AUTONOMO DESCENTRALIZADO PARROQUIAL RURAL DE PROGRESO,127574.0,1
GOBIERNO AUTONOMO DESCENTRALIZADO PARROQUIAL RURAL DE NULTI,127557.64,86
DISTRITO QUITUMBE,127468.27,6
DIRECCION DISTRITAL 09D15 - EMPALME - MIES,126633.49,117
CENTRO DE SALUD B -HUAQUILLAS,126377.43,81
"UNIDAD EDUCATIVA DE FUERZAS ARMADAS COLEGIO MILITAR N 4  ""ABDON CALDERON""",126312.88,107
GOBIERNO AUTONOMO DESCENTRALIZADO PARROQUIAL RURAL DE LA SOFIA,125747.39,4
GOBIERNO AUTONOMO DESCENTRALIZADO DE LA PARROQUIA SAN JUAN DE POZUL,125646.93,3
DIRECCION DISTRITAL 10 D03-COTACACHI-SALUD,125404.27,35
GOBIERNO AUTONOMO DESCENTRALIZADO PARROQUIAL RURAL SAN LUIS,125261.61,7
BRIGADA DE INFANTERIA MOTORIZADA NO. 7 LOJA,125214.25,3
CUERPO DE BOMBEROS VOLUNTARIOS DEL SIGSIG,125053.95999999999,41
AGENCIA DE REGULACIÓN Y CONTROL DEL AGUA,124935.41,29
COTOPAXI SOLIDARIO,124776.86,92
GOBIERNO AUTONOMO DESCENTRALIZADO PARROQUIAL DE PACCHA,124641.82,6
GOBIERNO PARROQUIAL AUTONOMO DESCENTRALIZADO DE RIOCHICO,124606.01999999999,39
GOBIERNO AUTONOMO DESCENTRALIZADO PARROQUIAL RURAL SANTA MARIA DE HUIRIRIMA,124341.0,4
DIRECCION DISTRITAL 11D05 - ESPINDOLA - SALUD,124141.59,30
Gobernación del Guayas,123824.02,22
LLAKIK WASI,123373.34,259
ESTACION DE SERVICIOS ESPOCH GASOLINERA POLITECNICA EP,123243.45,55
DIRECCION PROVINCIAL DEL CONSEJO DE LA JUDICATURA PASTAZA,123124.28,49
GOBIERNO AUTONOMO DESCENTRALIZADO PARROQUIAL DE PUMPUENTSA,123042.52,1
GOBIERNO AUTONOMO DESCENTRALIZADO PARROQUIAL RURAL EL PROGRESO,122618.61,24
DIRECCION DISTRITAL 11D04-CELICA-PINDAL-PUYANGO-SALUD,122589.49,35
BANCO NACIONAL DE FOMENTO EN LIQUIDACIÓN,122298.16,44
Fundacion Municipal El Barranco,122290.56,2
GOBIERNO PARROQUIAL DE AMALUZA,122096.93000000001,140
CENTRO DE SALUD B - CARIAMANGA,121765.41,99
DIRECCION DISTRITAL 04D02 MONTUFAR-BOLIVAR-SALUD,121637.27,16
Escuela de Infanteria Aerea,121460.79000000001,126
LA NACIONAL DE LOJA - EP,121379.86,17
DIRECCION DISTRITAL 11D05-ESPÍNDOLA-EDUCACION,121320.25,46
Junta Parroquial Rural La Esperanza,121273.96,5
EMPRESA PUBLICA MUNICIPAL DE AGUA POTABLE Y ALCANTARILLADO DE PIÑAS,121025.62,49
DIRECCION NACIONAL DE EDUCACION DE LA POLICIA NACIONAL,120659.26999999999,132
Dirección Distrital 02D04 Caluma - Echeandía - Las Naves - Educación,120623.87,63
UNIDAD EDUCATIVA FISCOMISIONAL DE FUERZAS ARMADAS COLEGIO MILITAR NRO. 5 TCRN. LAURO GUERRERO,120621.45,62
EMPRESA PUBLICA MUNICIPAL DE AGUA POTABLE Y ALCANTARILLADO DE SAN MIGUEL,120573.44,34
GOBIERNO AUTONOMO DESCENTRALIZADO PARROQUIAL DE MALACATOS,120129.28,18
DIRECCION DISTRITAL 17D11-MEJIA-RUMIÑAHUI-MIES,119923.31,17
GOBIERNO AUTONOMO DESCENTRALIZADO PARROQUIAL RURAL DE CARACOL GADP RURAL CARACOL,119885.34999999999,6
CENTRO DE SALUD A - EL CARMEN,119800.15,101
FISCALIA DE SANTA ELENA,119239.2,13
FIDEICOMISO DE ADMINISTRACION DEL FONDO PARA EL DESARROLLO DE PROYECTOS DE ASOCIACIONES PUBLICO -PRIVADAS,118995.0,3
GOBIERNO AUTONOMO DESCENTRALIZADO PARROQUIAL RURAL DE LA CAROLINA,118567.16,35
CENTRO DE SALUD B - SUCÚA,118518.05,131
Escuela de la Marina Mercante Nacional,117809.29000000001,71
MINISTERIO DE ENERGIA Y MINAS,117491.03,10
GOBIERNO AUTONOMO DESCENTRALIZADO PARROQUIAL RURAL RIO CORRIENTE,116787.78,2
DIRECCION DISTRITAL 02D01-GUARANDA-MAGP,116492.97,20
GOBIERNO AUTONOMO DESCENTRALIZADO PARROQUIAL RURAL SANGUILLIN,116441.09,47
UNIDAD DE ANÁLISIS FINANCIERO Y ECONÓMICO UAFE,116362.34,30
COORDINACION ZONAL 8  - INEC,116283.24,102
DIRECCION DISTRITAL 18D01C01 AMBATO TUNGURAHUA MIT,116177.19,10
DIRECCION PROVINCIAL DEL CONSEJO DE LA JUDICATURA DE ORELLANA,114547.72,29
DIRECCIÓN DISTRITAL 22D02C04-PUERTO FRANCISCO DE ORELLANA COCA-ORELLANA-MTOP,114537.67,11
DIRECCION DISTRITAL 11D07 MACARA SOZORANGA SALUD,114374.26000000001,38
Fiscalia de Esmerald,113721.98999999999,34
JUNTA PARROQUIAL MIGUEL EGAS,113572.83,28
"MINISTERIO DE EDUCACION, DEPORTE Y CULTURA -SUBSECRETARIA DE EDUCACION DEL DISTRITO DE GUAYAQUIL ZONA 8",113394.56,8
Empresa Publica de Vialidad Zamora Chinchipe,113210.9,9
GOBIERNO AUTONOMO DESCENTRALIZADO PARROQUIAL RURAL EL TRIUNFO,113101.91,60
UNIDAD NACIONAL DE INVESTIGACION ANTISECUESTROS Y EXTORSION,112935.08,10
Fiscalía de Los Ríos,112551.04000000001,21
CONSEJO CANTONAL DE SEGURIDAD CIUDADANA,112408.47,6
DIRECCION DISTRITAL 07D02-MACHALA-MIES,112350.52,151
DIRECCION DISTRITAL 04D01-SAN PEDRO DE HUACA-TULCAN-CARCHI-MIT,112334.0,38
DIRECCION PROVINCIAL DE SALUD DE CHIMBORAZO,112198.0,3
GOBIERNO AUTONOMO DESCENTRALIZADO PARROQUIAL RURAL GONZOL,112185.71,13
COORDINACION ZONAL 3-MINISTERIO DE DESARROLLO HUMANO,112058.81,54
CENTRO DE SALUD B - SAN MIGUEL DE BOLIVAR,111817.71,70
Cuerpo de Bomberos de Paute,111747.13,32
SUBZONA NAPO,111592.73,118
GOBIERNO AUTONOMO DESCENTRALIZADO PARROQUIAL RURAL SAN ANTONIO,110908.87,6
"MINISTERIO DE EDUCACION, DEPORTE Y CULTURA ZONA 3",110888.59,8
FISCALÍA DE TUNGURAHUA,110776.93000000001,69
ORQUESTA SINFONICA NACIONAL DEL ECUADOR,110750.48999999999,45
MINISTERIO DEL TRABAJO: DIRECCIÓN REGIONAL DE TRABAJO Y SERVICIO PÚBLICO DE CUENCA REGIONAL 6,109323.70999999999,24
GOBIERNO AUTONOMO DESCENTRALIZADO PARROQUIAL RURAL JUAN BAUTISTA AGUIRRE,109309.03,3
CONSEJO NACIONAL DE GOBIERNOS PARROQUIALES RURALES DEL ECUADOR,108652.66,56
GOBIERNO AUTONOMO DESCENTRALIZADO PARROQUIAL DE NAMBACOLA,108413.54,50
GOBIERNO AUTONOMO DESCENTRALIZADO PARROQUIAL RURAL DE PALMALES,108264.66,110
GOBIERNO AUTONOMO DESCENTRALIZADO PARROQUIAL RURAL DE GUANAZAN,108242.57,1
"BATALLÓN DE OPERACIONES ESPECIALES EN SELVA No. 54 ""CAPT. CALLES""",108190.27,43
"DIRECCION NACIONAL DE INVESTIGACION DE DELITOS CONTRA LA VIDA, MUERTES VIOLENTAS, DESAPARICIONES, SECUESTRO Y EXTORSION. DINASED",108132.44,4
GOBIERNO AUTONOMO DESCENTRALIZADO PARROQUIAL RURAL DE LA CANELA,107753.2,2
"Facultad de Jurisprudencia, Ciencias Polìticas y Sociales Universidad Central",107486.05,58
FEDERACION DEPORTIVA PROVINCIAL DE BOLIVAR,107477.03,43
COORDINACION ZONAL 9 DE GESTION DE RIESGOS,107285.03,56
GOBIERNO AUTONOMO DESCENTRALIZADO PARROQUIAL RURAL DE EL CHORRO,107279.12,22
GOBIERNO AUTONOMO DESCENTRALIZADO DE LA PARROQUIA RURAL CONVENTO,107212.52,4
GOBIERNO AUTONOMO DESCENTRALIZADO PARROQUIAL RURAL DE ASCAZUBI,106859.87999999999,51
JUNTA PARROQUIAL DE QUICHINCHE,106812.87,3
DIRECCION DISTRITAL 14D01-MORONA-MIES,106563.41,30
DIRECCION PROVINCIAL DEL CONSEJO DE LA JUDICATURA ZAMORA,106340.42,44
Facultad de Odontología de la Universidad Central del Ecuador,105788.59999999999,21
Corte Constitucional,105734.55,111
DIRECCION DISTRITAL 22D02-LORETO-ORELLANA MIES,105286.95999999999,49
GOBIERNO AUTONOMO PARROQUIAL DE ZUÑAC,105247.31,9
CENTRO DE SALUD A GUALAQUIZA,104683.68000000001,72
GOBIERNO AUTONOMO DESCENTRALIZADO PARROQUIAL RURAL DE EUGENIO ESPEJO,104442.3,35
EMPRESA PUBLICA VIAL INFRAESTRUCTURA Y ASFALTADO DE SUCUMBIOS,104065.88999999998,2
JUNTA PARROQUIAL YASUNI,104026.59,2
CUERPO DE BOMBEROS DEL CANTON PUJILI,103909.6,27
VICEPRESIDENCIA DE LA REPUBLICA ,103758.65,10
DIRECCION DISTRITAL 02D03 CHIMBO-SAN MIGUEL EDUCACION,103678.43,66
"MINISTERIO DE EDUCACION, DEPORTE Y CULTURA - SUBSECRETARIA DE EDUCACION DEL DISTRITO METROPOLITANO DE QUITO ZONA 9",103514.16,70
GOBIERNO AUTONOMO DESCENTRALIZADO PARROQUIAL RURAL DE LA IBERIA,103142.2,28
DIRECCION DISTRITAL 23D01 - PARROQUIAS URBANAS RIO VERDE A CHIGUILPE Y PARROQUIAS RURALES ALLURIQUIN A PERIFERIA - SANTO DOMINGO DE LOS TSACHILAS - MIT,102809.48000000001,3
HOGAR MIGUEL LEON DE LA CIUDAD DE CUENCA,102796.52,82
DIRECCION DISTRITAL 03D01-AZOGUES-BIBLIAN-DELEG-CAÑAR-MTOP,102666.72,9
GOBIERNO PARROQUIAL AUTONOMO DESCENTRALIZADO DE ABDON CALDERON DE LA PROVINCIA DE MANABI,102658.91,8
Dirección distrital 22D03 aguarico,102542.33,32
Orquesta Sinfónica de Loja,101879.49,10
JUNTA PARROQUIAL SAN PABLO DE LAGO,101782.81,6
GOBIERNO AUTONOMO PARROQUIAL DE TENGUEL,101695.55,1
COORDINACION ZONAL 6 - INEC,101298.54000000001,127
DIRECCION DISTRITAL 16D02-ARAJUNO-SALUD,101162.47,37
Empresa Universitaria de Salud  EP EUS EP,100989.88,33
DIRECCIÓN DISTRITAL 01D08-SIGSIG-EDUCACIÓN,100908.31,22
BANCO DE DESARROLLO DEL ECUADOR B.P. SUCURSAL ZONAL SIERRA CENTRO-PASTAZA,100851.64,39
"INSTITUTO NACIONAL DE DONACION Y TRASPLANTE DE ORGANOS, TEJIDOS Y CELULAS",100530.17,12
Junta Parroquial de General Proaño ,100228.32,141
GOBIERNO AUTONOMO DESCENTRALIZADO 10 DE AGOSTO,100043.16,5
GOBIERNO AUTONOMO DESCENTRALIZADO PARROQUIAL RURAL DE HUACHI GRANDE ,100013.07,87
MANCOMUNIDAD LA ESPERANZA,99795.55,1
GOBIERNO AUTONOMO DESCENTRALIZADO PARROQUIAL RURAL DE BELLAVISTA EL ORO,99382.6,2
GOBIERNO AUTONOMO DESCENTRALIZADO PARROQUIAL RURAL DE SAN LUIS DE PAMBIL,99367.85,22
DIRECCION DISTRITAL DE EDUCACION 17D01 - NOROCCIDENTE,98865.13,17
FISCALIA DE BOLIVAR,98226.56,86
Fiscalia Santo Domingo de los Tsachilas,98166.54000000001,6
GOBIENRO AUTONOMO DESCENTRALIZADO PARROQUIAL RURAL DE SAN MIGUEL DE CONCHAY ,98127.54000000001,5
GOBIERNO AUTONOMO DESCENTRALIZADO PARROQUIAL RURAL DE BARBONES,97980.0,5
DIRECCION DISTRITAL-16D01-PASTAZA-MERA-SANTA CLARA - MINISTERIO DE DESARROLLO HUMANO,97144.79000000001,5
COORDINACION ZONAL 3 SERVICIO INTEGRADO DE SEGURIDAD ECU 911,96795.03,75
GOBIERNO AUTONOMO DESCENTRALIZADO PARROQUIAL DE DUCUR,96191.11,36
PICHINCHA COMUNICACIONES EP,95883.0,8
DIRECCION DISTRITAL 09D20 SALITRE MIES,95620.41,55
Consejo Nacional Electoral Delegación Provincial de Manabí,95589.0,53
DIRECCION DISTRITAL 06D01-CHAMBO-RIOBAMBA-CHIMBORAZO-MIT,95568.18000000001,6
COORDINACIÓN ZONAL 8 - SENESCYT,95338.73,22
"EMPRESA PUBLICA MUNICIPAL DE TERMINALES TERRESTRES, PARQUE INDUSTRIAL Y DESARROLLO LOCAL PUERTO SECO Y ZONA ROSA EP.",95277.37,3
UNIDAD EDUCATIVA CRNL LUCIANO CORAL MORILLO,94965.82,67
GOBIERNO AUTONOMO DESCENTRALIZADO PARROQUIAL RURAL DE CACHA,94683.17,36
CENTRO DE SALUD B CELICA,94606.14,100
JUNTA PARROQUIAL DE MARISCAL SUCRE,94513.95999999999,52
CENTRO DE SALUD A - PILLARO,93914.42,93
GOBIERNO AUTONOMO DESCENTRALIZADO PARROQUIAL RURAL DE IZAMBA,93630.38,16
CONSEJO NACIONAL ELECTORAL SANTO DOMINGO,93559.64,94
BRIGADA DE COMUNICACIONES N 33 RUMIÑAHUI,93558.64,82
GOBIERNO AUTONOMO DESCENTRALIZADO PARROQUIAL DE CHICAN,93459.67,38
DIRECCIÓN DISTRITAL 11D06 CALVAS GONZANAMA QUILANGA EDUCACION,93240.01000000001,15
CONSEJO NACIONAL ELECTORAL DELEGACION PROVINCIAL DE MORONA SANTIAGO,92830.69,36
TRANSPORTES NAVIEROS ECUATORIANOS TRANSNAVE,92758.58,11
GOBIERNO AUTONOMO DESCENTRALIZADO PARROQUIAL DE SAN CRISTOBAL,92678.14,14
FISCALIA DE LOJA,92381.01,38
GOBIERNO AUTONOMO DESCENTRALIZADO PARRIQUIAL RURAL DE ACHUPALLAS,92375.63,14
GOBIERNO AUTONOMO DESCENTRALIZADO PARROQUIAL RURAL DE HUAMBALO,91439.64,141
UNDAD EDUCATIVA HEROES DEL CENEPA,91417.35,87
JUNTA PARROQUIAL GARCIA MORENO,91217.42,6
DIRECCION PROVINCIAL DE SALUD DE PICHINCHA,91000.0,1
GOBIERNO AUTONOMO DESCENTRALIZADO PARROQUIAL RURAL 11 DE NOVIEMBRE,90964.03,6
DIRECCION DISTRITAL-13D10-JAMA-PEDERNALES - MINISTERIO DE DESARROLLO HUMANO,90835.29000000001,85
DIRECCION DISTRITAL 14D06 LIMON INDANZA-SANTIAGO-TWINTZA-EDUCACIÓN,90570.39,42
GOBIERNO AUTONOMO DESCENTRALIZADO PARROQUIA ASUNCION,90469.2,2
FISCALIA DE SUCUMBIOS,90380.43000000001,57
EMPRESA MUNICIPAL DE CONSTRUCCION VIAL DEL CANTON SANTA ELENA EMUVIAL EP,90053.62,23
BRIGADA DE INFANTERIA MOTORIZADA N13 PICHINCHA,89952.08,6
CUERPO DE BOMBEROS DE ANTONIO ANTE,89881.16,41
JUNTA PARROQUIAL DE CHUPIANZA,89812.09,52
GOBIERNO AUTONOMO DESCENTRALIZADO DE LA PARROQUIA URDANETA,89700.0,1
GOBIERNO AUTONOMO DESCENTRALIZADO PARROQUIAL RURAL DE EL TINGO,89558.18,3
Junta Parroquial Rural de San Jose del Tambo,89488.56,26
HIDROPLAYAS EP,89339.34999999999,66
COORDINACION ZONAL 6 - SENESCYT,89205.45,84
DIRECCION PROVINCIAL DE SALUD DEL CAÑAR,88777.03,2
GOBIERNO AUTÓNOMO DESCENTRALIZADO PARROQUIAL RURAL DE AMBUQUI-CHOTA,88396.13,8
CUERPO DE BOMBEROS DEL CANTON YANTZAZA,88125.43999999999,67
GOBIERNO AUTONOMO DESCENTRALIZADO PARROQUIAL RURAL DE EL RETIRO,88006.17,1
GAD PARROQUIAL DE SHIMPIS,87673.73000000001,31
COMANDO DE OPERACIONES AEREAS Y ESPACIALES - COAE,87510.18,1
UNIDAD DE GESTION Y REGULARIZACION,87298.41,32
GOBIERNO AUTONOMO DESCENTRALIZADO PARROQUIAL RURAL DE BELLAMARIA,87280.75,61
"EMPRESA PUBLICA DE DESARROLLO, PRODUCCION E INVERSIONES, GUAYAS ESTRATEGICA EP",87069.06,10
Parlamento Andino,87046.41,7
GOBIERNO AUTONOMO DESCENTRALIZADO PARROQUIAL RURAL DE CRUCITA,86450.13,32
Empresa Pública de Agua Potable y Alcantarillado del Cantón Zamora EP EMAPAZ EP,86327.13,30
GOBIERNO AUTONOMO DESCENTRALIZADO PARROQUIAL RURAL SAN JOSE DE POALO,85915.54,22
GOBIERNO AUTONOMO DESCENTRALIZADO PARROQUIAL PUNIN,85826.0,4
CUERPO DE BOMBEROS DE NARANJITO,85492.63,9
COORDINACION ZONAL- 4 SERVICIO INTEGRADO DE SEGURIDAD ECU 911,85437.03,7
FEDERACIÓN DEPORTIVA PROVINCIAL DE ORELLANA,85280.65,30
ASOCIACION DE PRODUCTORES AGROPECUARIOS 10 DE MAYO,84831.28,3
CONSEJO NACIONAL ELECTORAL - DELGACION PROVINCIAL DEL AZUAY,84550.09,50
Hospital Movil  No. 2,84128.76,95
Casa de la Cultura Ecuatoriana Benjamín Carrión Núcleo Pichincha,84110.67,56
DIRECCION PROVINCIAL DE SALUD DE ESMERALDAS,83997.25,4
CUERPO DE BOMBEROS DE JOYA DE LOS SACHAS,83795.16,45
GOBIERNO AUTONOMO DESCENTRALIZADO PARROQUIAL RURAL DE VALLADOLID,83613.26000000001,14
CENTRO ESPECIALIZADO EN GENETICA MEDICA,83469.54000000001,38
JUNTA PARROQUIAL DE SAN LUIS DEL ACHO,83317.89,4
JUNTA PARROQUIAL GUARE,83228.52,3
GOBIERNO AUTONOMO DESCENTRALIZADO PARROQUIAL LLUZHAPA,82965.49,3
DIRECCION PROVINCIAL DE SALUD DE COTOPAXI,82920.6,3
cuerpo de bomberos de gualaquiza,82851.62,10
DIRECCIÓN DISTRITAL 01D01- PARROQUIAS URBANAS MACHÁNGARA A BELLAVISTA Y PARROQUIAS RURALES NULTI A SAYAUSI - MAG,82845.62,25
CARRERA DE INGENIERIA AGROPECUARIA IASA I - ESPE,82681.6,12
GOBIERNO AUTONOMO DESCENTRALIZADO DE LA PARROQUIA RURAL LA UNION,82408.15,36
"DIRECCION REGIONAL DEL MINISTERIO DEL TRABAJO N 7 LOJA, EL ORO Y ZAMORA",81963.51000000001,40
FEDERACION DEPORTIVA DE MORONA SANTIAGO,81897.66,39
GOBIERNOAUTONOMODESCENTRALIZADO PARROQUIAL RURAL CAPITAN AUGUSTO RIVADENEIRA,81774.59,3
Cuerpo de Bomberos del canton Pajan.,81732.86,28
Cuerpo de Bomberos Voluntarios del Cantón Santa Isabel,81440.18000000001,9
MINISTERIO DE DESARROLLO URBANO Y VIVIENDA,81418.79,15
GOBIERNO AUTONOMO DESCENTRALIZADO DE LA PARROQUIA RURAL ALEJO LASCANO,81331.04000000001,2
CENTRO DE SALUD B - SANTA ROSA,81234.92,71
CAPITANIA DEL PUERTO DE MANTA,81163.63,73
JUNTA PAROOQUIAL SUMACO,80742.67,18
BANCO DE DESARROLLO DEL ECUADOR B.P. SUCURSAL ZONAL LITORAL,80586.51999999999,42
REGISTRO DE LA PROPIEDAD MUNICIPAL DEL CANTON OTAVALO,80564.52,56
CONSEJO DE PROTECCION DE DERECHOS DEL DISTRITO METROPOLITANO DE QUITO,80509.82,49
FEDERACION DEPORTIVA DE IMBABURA,80306.79,31
GOBIERNO AUTONOMO DESCENTRALIZADO PARROQUIAL RURAL DE JUAN MONTALVO,80200.91,6
Junta Parroquial de Sinsao,79948.40000000001,37
GOBIERNO AUTONOMO DESCENTRALIZADO PARROQUIAL RURAL DE COCHAPAMBA,79820.8,21
Consejo Nacional Electoral Delegacion Provincial de Esmeraldas,79789.52,86
Facultad de Ciencias Quimicas,79395.16,39
DIRECCION DISTRITAL 03D01 AZOGUES BIBLIAN DELEG MINISTERIO DE DESARROLLO HUMANO,79205.04000000001,10
FEDERACION ECUATORIANA DE HOCKEY Y PATIN,79000.0,2
DIRECCION DISTRITAL 19D02 CENTINELA DEL CONDOR NANGARITZA PAQUISHA EDUCACION,78817.58,60
MANCOMUNIDAD PARA LA GESTION INTEGRAL DE LOS DESECHOS SOLIDOS DE LOS CANTONES DE PUJILI Y SAQUISILI,78686.54,26
GOBIERNO AUTONOMO DESCENTRALIZADO PARROQUIAL RURAL DE ANCONCITO,78494.45,201
GOBIERNO AUTONOMO DESCENTRALIZADO PARROQUIAL RURAL DE SAN ANDRES,78407.27,8
DIRECCION DISTRITAL 03D01 AZOGUES BIBLIAN DELEG MIES,78307.26,101
BENEMERITO CUERPO DE BOMBEROS VOLUNTARIOS DE CHORDELEG,78141.67,13
Cuerpo de Bomberos del cantón Palora,78026.48999999999,36
DIRECCION DISTRITAL 01D05-NABON-OÑA-EDUCACION,77959.83,22
GOBIERNO AUTONOMO DESCENTRALIZADO PARROQUIAL RURAL DE MANU,77749.76000000001,48
DIRECCION DISTRITAL 19D01-YACUAMBI-ZAMORA-ZAMORA CHINCHIPE-MTOP,77677.94,17
GOBIERNO AUTONOMO DESCENTRALIZADO PARROQUIAL RURAL DE FEBRES CORDERO,77673.31,5
CNE DELEG.SANTA ELEN,77651.95999999999,69
CONGREGACIÓN DE DOMINICAS HIJAS DE NUESTRA SEÑORA DE NAZARETH,77541.78,2
GOBIERNO AUTONOMO DESCENTRALIZADO PARROQUIAL DE SUSUDEL,77435.12,8
GOBIERNO AUTONOMO DESCENTRALIZADO PARROQUIAL RURAL DE TAURA,77427.34,1
DIRECCION DISTRITAL 19D03-CHINCHIPE-PALANDA-SALUD,77382.41,38
SUBZONA DE POLICÍA CHIMBORAZO N6,77343.36,64
DIRECCION DISTRITAL 18D05 SANTIAGO DE PILLARO EDUCACION,77020.11,5
Junta Parroquial Guaytacama,76844.73,1
GOBIERNO AUTONOMO DESCENTRALIZADO PARROQUIAL RURAL DE PALMIRA,76447.02,50
EMPRESA PUBLICA MUNICIPAL DE AGUA POTABLE Y ALCANTARILLADO DEL TAMBO EMAPAT EP,75784.03,25
BATALLON DE INFANTERIA No. 21 MACARA,75710.82,93
DIRECCION DISTRITAL 11D07-MACARA-SOZORANGA-EDUCACION,75703.89,21
JUNTA PARROQUIAL REMIGIO CRESPO TORAL,75619.5,2
GOBIERNO AUTÓNOMO PARROQUIAL DE SAN ISIDRO,75347.22,20
EMPRESA PUBLICA MUNICIPAL DE CAMILO PONCE ENRIQUEZ PONCE CONSTRUCCIONES EP,75250.0,2
CUERPO DE BOMBEROS MUNICIPAL DE PIÑAS,75053.98,6
GOBIERNO AUTÓNOMO DESCENTRALIZADO PARROQUIAL DE TUMBABIRO,75010.62,36
SUPERINTENDENCIA DEL TERMINAL PETROLERO DE BALAO DE ESMERALDAS - MIT,74945.43,1
Cuerpo de bomberos del Cantón Catamayo,74891.25,36
Gobierno Autónomo Descentralizado Parroquial Rural San Salvador de Cañaribamba,74862.26,13
CUERPO DE BOMBEROS DE PUERTO QUITO,74809.39,45
FUNDACION TIERRA VERDE,74796.38,5
CUERPO DE BOMBEROS DEL CANTÓN CASCALES,74601.3,87
"EMPRESA PUBLICA MUNICIPAL MANCOMUNADA DE AGUA POTABLE DE LOS CANTONES BOLIVAR, JUNIN, SAN VICENTE, SUCRE Y TOSAGUA EMMAP-EP",74564.3,5
COORDINACION ZONAL 3 - SENESCYT,74427.64,19
EMPRESA MUNICIPAL DE VIVIENDA Y DESARROLLO URBANO DE SANTA ELENA EMUVIVIENDA EP,74322.08,43
"DIRECCION ZONAL 8 NAPO MINISTERIO DEL AMBIENTE, AGUA Y TRANSICION ECOLOGICA",74211.5,7
GOBIERNO AUTONOMO DESCENTRALIZADO PARROQUIAL RURAL EL LAUREL,74203.79,25
GOBIERNO AUTÓNOMO DESCENTRALIZADO PARROQUIAL RURAL DE TUPIGACHI,74166.64,39
CENTRO DE ESPECIALIDADES LA ECUATORIANA,73887.03,16
JUNTA PARROQUIAL LAGO SAN PEDRO,73848.45,13
GOBIERNO AUTONOMO DESCENTRALIZADO DE LA PARROQUIA UTUANA,73829.84,3
Junta Parroquial de Bulan,73689.28,67
JUNTA PARROQUIAL DE COTOGCHOA,73579.40000000001,41
GOBIERNO AUTONOMO DESCENTRALIZADO PARROQUIAL RURAL SANTA MARIA,73540.36,32
"COORDINACION ZONAL 4 DE LA SECRETARÍA DE EDUCACIÓN SUPERIOR, CIENCIA, TECNOLOGIÍA E INNOVACIÓN",73212.47,21
COORDINACION ZONAL 3-INEC,73180.8,1
HOSPITAL BASICO 1 BI EL ORO,73107.18000000001,71
CONSEJO NACIONAL ELECTORAL DELEGACION PROVINCIAL DE ORELLANA,72851.53,59
HOSPITAL BASICO HG III DE TARQUI,72754.98000000001,54
DIRECCION DISTRITAL 21D02 - LAGO AGRIO - MIES,72686.41,123
DIRECCION DISTRITAL 04D02 MONTUFAR-BOLIVAR-EDUCACION,72557.97,46
GOBIERNO AD PARROQUIAL EL ROSARIO,72496.0,3
CENTRO DE SALUD A-ZUMBA,72482.6,90
Consejo Nacional Electoral Delegacion Provincial de El Oro,72231.08,66
GOBIERNO AUTONOMO PARROQUIAL LOS LOJAS,71485.51,51
GOBIERNO AUTONOMO DESCENTRALIZADO DE LA PARROQUIA PALMAS,71320.06,35
JUNTA PARROQUIAL DE SAN JUAN,71317.70999999999,107
"EMPRESA MUNICIPAL DE MOVILIDAD, TRANSITO, TRANSPORTE Y SEGURIDAD VIAL DE SANTA ELENA EMUTRANSITO-EP",71280.0,1
JUNTA PARROQUIAN DE SAN ISIDRO,71110.19,3
GOBIERNO AUTONOMO DESCENTRALIZADO PARROQUIAL RURAL DE PRESIDENTE URBINA,70909.03,40
EMPRESA PUBLICA DE MOVILIDAD TRANSITO Y TRANSPORTE DEL CANTON ZARUMA EMOVTZA-EP,70894.45,18
GOBIERNO AUTONOMO DESCENTRALIZADO PARROQUIAL RURAL LA PEAÑA,70630.84,1
EMPRESA PUBLICA DE AGUA POTABLE Y ALCANTARILLADO DEL CANTON BOLIVAR EPMAPA-B,70559.48,26
CUERPO DE BOMBEROS DEL CANTON BUENA FE,70512.26,31
GOBIERNO AUTONOMO DESCENTRALIZADO DE LA PARROQUIA JESUS MARIA,70199.3,3
GOBIERNO AUTONOMO DESCENTRALIZADO PARROQUIAL RURAL DE LICAN,70130.99,25
GOBIERNO AUTONOMO DESCENTRALIZADO PARROQUIAL RURAL DE PALMA ROJA,70083.55,2
"DIRECCION ZONAL 7 LOJA DEL MINISTERIO DEL AMBIENTE, AGUA Y TRANSICION ECOLOGICA",70037.98000000001,40
GOBIERNO AUTONOMO DESCENTRALIZADO PARROQUIAL VICHE,69860.53,20
CENTRO DE SALUD A - BAÑOS,69739.52,83
ACCION SOCIAL COMO ENTIDAD DE INCLUSION SOCIAL MUNICIPAL DEL GOBIERNO AUTONOMO DESCENTRALIZADO DEL CANTON GUARANDA,69500.3,1
CUERPO DE BOMBEROS DEL CANTON PUCARA,69401.75,1
HOSPITAL BASICO IV DE,69370.83,139
JUNTA PARROQUIAL DE SAN JAVIER DE CACHAVI,69193.06,1
DIRECCION PROVINCIAL DE SALUD DE ZAMORA CHINCHIPE,69128.39,2
GOBIERNO AUTONOMO DESCENTRALIZADO PARROQUIAL RURAL CRNL LORENZO DE GARAICOA,69124.73000000001,3
FIDEICOMISO MERCANTIL DE ADMINISTRACION Y GESTION INMOBILIARIO  IESS - PORTAL DE GRANADA,68982.89,1
HOSPITAL REPUBLICA DEL ECUADOR,68940.81,4
GOBIERNO AUTONOMO DESCENTRALIZADO DE LA PARROQUIA EL AIRO,68893.74,30
REGISTRO DE LA PROPIEDAD DEL CANTÓN GUALACEO,68690.61,29
INSTITUTO SUPERIOR TECNOLOGICO POLICIA NACIONAL,68504.73,3
GOBIERNO AUTONOMO DESCENTRALIZADO PARROQUIAL RURAL PERUCHO,68421.8,12
GOBIERNO AUTONOMO DESCENTRALIZADO PARROQUIAL DE ZHUD,68384.4,1
JUNTA PARROQUIAL JAMBELI,68254.0,2
CUERPO DE BOMBEROS DE DAULE,68009.2,51
SUPERINTENDENCIA DEL TERMINAL PETROLERO DE LA LIBERTAD,67823.01999999999,37
DIRECCION ZONAL 8 DEL MINISTERIO DE RELACIONES EXTERIORES Y MOVILIDAD HUMANA,67538.81,49
CENTRO DE SALUD A AMAGUAÑA,67284.33,111
GOBIERNO PARROQUIAL DE LA PAZ,67170.56999999999,4
GOBIERNO AUTONOMO DESCENTRALIZADO PARROQUIAL DE ALTO TAMBO,67145.86,11
CENTRO DE SALUD B-MACARA,67124.27,146
GOBIERNO AUTONOMO DESCENTRALIZADO DE LA PARROQUIA RURAL DE CHANGAIMINA,66700.55,73
DIRECCION DISTRITAL 20D01- SAN CRISTOBAL A ISABELA- MAGP,66631.19,10
GOBIERNO AUTONOMO DESCENTRALIZADO DE LA PARROQUIA RURAL CAMPOZANO,66307.02,23
PATRONATO MUNICIPAL DE ATENCIÓN SOCIAL PRIORITARIA DE CASCALES,65931.53,117
ESTACION EXPERIMENTAL CENTRAL DE LA AMAZONIA,65853.53,88
DIRECCION DISTRITAL 11D08-SARAGURO-EDUCACION,65842.76,81
EMPRESA PUBLICA DE ENERGIA RENOVABLE Y TURISMO COTACACHI EP,65672.03,54
PAGADURIA DEL CENTRO DE OPERACIONES SECTORIALES NO.2 COS-2,65670.55,7
GOBIERNO AUTONOMO DESCENTRALIZADO DE GÜEL,65621.22,34
GOBIERNO AUTONOMO DESCENTRALIZADO PARROQUIAL RURAL DE TENIENTE HUGO ORTIZ,65555.05,51
FACULTAD DE CULTURA FISCA,65394.79000000001,70
GOBIERNO AUTONOMO DESCENTRALIZADO PARROQUIAL RURAL SANTA TERESITA,65392.4,14
GOBIERNO AUTONOMO DESCENTRALIZADO PARROQUIAL RURAL DE HUAMBI,65143.009999999995,21
UNIDAD EDUCATIVA LICEO POLICIAL CHIMBORAZO,65084.25,2
Registro Mercantil del Canton Guayaquil,65013.67,24
CUERPO DE BOMBEROS SANTIAGO DE PILLARO,64958.74,98
GOBIERNO AUTONOMO DESCENTRALIZADO PARROQUIAL RURAL DE PANCHO NEGRO,64870.91,33
ESTACION EXPERIMENTAL SANTA CATALINA,64815.72,76
INSTITUTO NACIONAL DE BIODIVERSIDAD,64724.659999999996,3
DIRECCION DISTRITAL 19D01 ZAMORA-YACUAMBI-SALUD,64452.14,3
CONSEJO NACIONAL ELECTORAL DELEGACION PROVINCIAL DE TUNGURAHUA,64374.03999999999,75
DIRECCION DISTRITAL 04D01-SAN PEDRO DE HUACA-TULCAN-MIES,64206.46,25
DIRECCION DISTRITAL 01D04 - CHORDELEG - GUALACEO - MIES,64191.29,7
Junta Parroquial de Shaglli,64170.86,2
JUNTA PARROQUIAL SAN JOSE DE DAHUANO,64111.45,13
GOBIERNO AUTONOMO DESCENTRALIZADO MUNICIPAL DEL CANTON CHILLA,63975.85,56
GOBIERNO AUTONOMO DESCENTRALIZADO PARROQUIAL RURAL GUACHANAMA,63924.17,6
DIRECCION DISTRITAL 11D09-ZAPOTILLO-SALUD,63806.2,32
CENTRO DE SALUD B- CAYAMBE,63639.85,26
GOBIERNO AUTONOMO DESCENTRALIZADO PARROQUIAL DE EL GUISMI,63355.19,2
DIRECCION DISTRITAL 24D02 - LA LIBERTAD - SALINAS - MIES,63283.840000000004,159
GOBIERNO AUTONOMO DESCENTRALIZADO PARROQUIAL DE LUDO,63189.659999999996,17
DIRECCION DISTRITAL 04D03 - ESPEJO - MIRA - SALUD,62937.32,37
BRIGADA DE INFANTERIA N 7 LOJA,62723.35,96
GOBIERNO AUTONOMO DESCENTRALIZADO PARROQUIAL AMARILLOS,62710.009999999995,3
GOBIERNO AUTONOMO DESCENTRALIZADO PARROQUIAL RURAL DE PUCAPAMBA,62658.14,59
Federacion Nacional de Ligas Deportivas Barriales y Parroquiales del Ecuador,62655.369999999995,11
CENTRO DE SALUD B - SAN GABRIEL,62624.67,72
UNIDAD PATRONATO MUNICIPAL DE AMPARO SOCIAL DE MANTA,62493.11,1
IESS CENTRO DE SALUD A - EL COCA.,62411.75,79
DIRECCION DISTRITAL 09D09 -TARQUI - 3- MAGP,62104.82,10
DIRECCION DISTRITAL-07D02-MACHALA-MINISTERIO DE DESARROLLO HUMANO,62030.67,40
GOBIERNO AUTONOMO DESCENTRALIZADO RURAL DE LA PARROQUIA MONTALVO,61738.79,2
CENTRO DE SALUD B - ALAUSI,61684.72,101
Junta Parroquial Luis Cordero Vega,61672.8,3
DIRECCION DISTRITAL 12D01-BABA-BABAHOYO-MONTALVO- LOS RIOS-MTOP,61323.93,6
CENTRO DE SALUD B-TABACUNDO,61261.81,41
EMPRESA PÚBLICA DE VIALIDAD IMBAVIAL EP EN LIQUIDACION,61143.729999999996,4
JUNTA PARROQUIAL DE PUERTO LIBRE,61094.0,2
EMPRESA PÚBLICA TERMINAL TERRESTRE COCA,61085.08,43
DIRECCIÓN DISTRITAL 11D01-LOJA-LOJA-MIT,61057.45,3
BATALLON DE INFANTERIA N. 19 CARCHI,61047.600000000006,2
JUNTA PARROQUIAL DE CHARAPOTO,61009.6,228
GOBIERNO AUTONOMO DESCENTRALIZADO DE LA PARROQUIA DE SAN FRANCISCO DE CHINIMBIMI,61000.0,2
CUERPO DE BOMBEROS ZAMORA,60805.42,15
Fiscalia del Azuay,60738.979999999996,2
CENTRO DE SALUD B - EL ANGEL,60427.87,93
FUNDACION PROYECTO SALESIANO CHICOS DE LA CALLE ZONA NORTE  PSCHC N,59578.94,48
UNIDAD DE APOYO ADMINISTRATIVO IASA I,59509.09,27
GOBIERNO AUTONOMO DESCENTRALIZADO PARROQUIAL RURAL DE CHANTILIN,59472.990000000005,3
JUNTA PARROQUIAL TOMAS DE BERLANGA,59326.0,1
FISCALIA DE CANAR,59315.55,11
EMPRESA PUBLICA MUNICIPAL DE VIVIENDA DE CATAMAYO,59221.21,8
GOBIERNO AUTONOMO DESCENTRALIZADO PARROQUIAL RURAL LA VICTORIA,59045.64,51
CUERPO DE BOMBEROS DEL CANTÓN SANTA CRUZ,58721.21,8
GOBIERNO AUTONOMO DESCENTRALIZADO PARROQUIAL FERNANDEZ SALVADOR,58635.44,38
CNE-DELEGACION PROVINCIAL ELECTORAL ZAMORA CHINCHIPE,58346.99,65
DIRECCIÓN PROVINCIAL DE SALUD DE LOJA,58315.99,1
FISCALIA DE MANABI,58071.41,7
JUNTA PARROQUIAL EL PLAYON,58041.7,27
"DIRECCION ZONAL 5 GUAYAS DEL MINISTERIO DEL AMBIENTE, AGUA Y TRANSICION ECOLOGICA",58040.17,1
GOBIERNO AUTONOMO DESCENTRALIZADO PARROQUIAL RURAL EL PARAISO,58000.0,1
BANCO DE DESARROLLO DEL ECUADOR B.P. SUCURSAL ZONAL MANABI,57931.03,50
CUERPO DE BOMBEROS DE PEDRO MONCAYO,57680.130000000005,32
"DIRECCION ZONAL 3 CHIMBORAZO - MINISTERIO DEL AMBIENTE, AGUA Y TRANSICION ECOLOGICA",57518.82,35
GOBIERNO AUTONOMO DESCENTRALIZADO PARROQUIAL RURAL LA AMERICA,57192.67,52
GOBIERNO AUTÓNOMO DESCENTRALIZADO PARROQUIAL RURAL SAN ANTONIO,57182.2,14
ESTACION EXPERIMENTAL LITORAL SUR,57117.05,63
GOBIERNO AUTONOMO DESCENTRALIZADO PARROQUIAL DE SAN ANTONIO DE LAS ARADAS,57090.340000000004,19
Casa de la Cultura Nùcleo del Azuay,57056.68,36
"CONSEJO NACIONAL ELECTORAL, DELEGACION PROVINCIAL DE PASTAZA",57041.229999999996,72
GOBIERNO AUTONOMO DESCENTRALIZADO PARROQUIAL RURAL DE TENDALES,56663.53,2
SERVICIO DE ACREDITACION ECUATORIANO,56569.87,31
COMITE PERMANENTE DE EVENTOS INTERCULTURALES CULTURALES SOCIALES Y PATRIMONIALES EN EL CANTON SALCEDO,56500.0,1
JUNTA PARROQUIAL DE RICAURTE,56315.62,1
"I-DE ""SHYRIS""",56117.45,38
CENTRO DE SALUD B -PIÑAS,55867.87,82
GOBIERNO AUTONOMO DESCENTRALIZADO PARROQUIAL RURAL DE MONTERREY,55655.52,31
UNIDAD EDUCATIVA DE FUERZAS ARMADAS COLEGIO MILITAR NRO. 6 COMBATIENTES DE TAPI,55649.490000000005,15
UNIDAD DE PROTECCION DEL MEDIO AMBIENTE,55591.979999999996,16
CONSEJO NACIONAL ELECTORAL - DELEGACIÒN PROVINCIAL IMBABURA,55564.83,37
DIRECCION DISTRITAL 03D01- AZOGUES-BIBLIAN-DELEG-CAÑAR-MIT,55404.0,7
CUERPO DE BOMBEROS MUNICIPAL DE PUEBLOVIEJO,55237.83,24
"BATALLON DE SELVA N62 ""ZAMORA""",55169.740000000005,3
"CONSEJO NACIONAL ELECTORAL, DELEGACION PROVINCIAL DE CHIMBORAZO",54899.17,67
GOBIERNO AUTONOMO DESCENTRALIZADO PARROQUIAL MALDONADO,54898.85,2
GOBIERNO AUTONOMO DESCENTRALIZADO DE LA PARROQUIA RURAL PEDRO PABLO GOMEZ,54865.0,3
DIRECCION DISTRITAL 24D01-SANTA ELENA-SANTA ELENA-MIT,54863.21,2
CONSEJO NACIONAL PARA LA IGUALDAD INTERGENERACIONAL,54783.38,22
CUERPO DE BOMBEROS DEL CANTON NABON,54674.490000000005,7
FEDERACION ECUATORIANA DE LUCHA,54500.0,1
DIRECCION PROVINCIAL DEL CONSEJO DE LA JUDICATURA - GALAPAGOS,54159.79,10
CUERPO DE BOMBEROS DEL CANTON LAS NAVES,54140.83,15
FACULTAD DE CIENCIAS DE LA DISCAPACIDAD ATENCION PREHOSPITALARIA Y DESASTRES,54048.86,63
EMPRESA PUBLICA ESTUDIOS Y CONSTRUCCIONES ULEAM-EP,53747.479999999996,95
"DIRECCION ZONAL 6 AZUAY DEL MINISTERIO DEL AMBIENTE, AGUA Y TRANSICION ECOLOGICA",53707.05,7
GOBIERNO AUTONOMO DESCENTRALIZADO PARROQUIAL RURAL DE POSORJA,53626.07,27
GOBIERNO AUTONOMO DESCENTRALIZADO ARROQUIAL RURAL DE SANTA BARBARA,53602.44,2
CONSORCIO PARA LA GESTION DEL AREA ECOLOGICA DE CONSERVACION TAITA IMBABURA,53214.34,34
REGISTRO DE LA PROPIEDAD Y MERCANTIL DEL CANTON RUMIÑAHUI,53204.19,80
"Casa de la Cultura Ecuatoriana ""Benjamín Carrión"", Núcleo del Guayas",53076.47,68
GOBIERNO AUTONOMO DESCENTRALIZADO PARROQUIAL RURAL DE SAN FERNANDO,52962.04,8
MANCOMUNIDAD DE MUNICIPALIDADES DEL SUROCCIDENTE DE LA PROVINCIA DE LOJA BOSQUE SECO,52831.18,7
Casa de la Cultura Núcleo de Esmeraldas,52793.53,20
"EMPRESA PUBLICA MUNICIPAL DE VIVIENDA SOCIAL DE MILAGRO, EP",52783.99,1
COORDINACION ZONAL 2 DE GESTION DE RIESGOS,52758.75,29
EMPRESA PUBLICA MUNICIPAL DE HABITAT Y VIVIENDA DE RUMIÑAHUI,52734.340000000004,4
DIRECCIÓN REGIONAL DE TRABAJO 1 DE IBARRA,52505.44,42
INSTITUTO DE CINE Y CREACION AUDIOVISUAL,52380.79,39
JUNTA PARROQUIAL EL REVENTADOR,52245.0,2
SUBZONA GALAPAGOS,52177.31,9
GOBIERNO PARROQUIAL DE PRINCIPAL,52149.07,8
GAD-PR-CAZADEROS,52024.770000000004,2
EMPRESA PUBLICA MUNICIPAL DE AGUA POTABLE Y ALCANTARILLADO DELCANTON PUERTO LOPEZ,51990.0,1
GOBIERNO AUTONOMO DESCENTRALIZADO MUNICIPAL DE MOCHA,51981.57,24
GOBIERNO AUTONOMO DESCENTRALIZADO PARROQUIAL RURAL DE CEBADAS,51888.29,35
DIRECCION PROVINCIAL DE SALUD DE SANTO DOMINGO DE LOS TSACHILAS,51763.0,2
GOBIERNO AUTONOMO DESCENTRALIZADO PARROQUIAL RURAL ALLURIQUIN ,51743.39,46
LA NUEVA RAZÓN SOCIAL ES: DIRECCIÓN DISTRITAL 01D04 - CHORDELEG - GUALACEO - MINISTERIO DE DESARROLLO HUMANO,51722.94,98
UNIDAD EDUCATIVA DE FUERZAS ARMADAS FAE NO. 3 TAURA,51591.14,35
DIRECCION PROVINCIAL DE SALUD DE BOLIVAR,51501.53,4
FIDEICOMISO DEL SEGURO DE DEPOSITOS DE LAS ENTIDADES DEL SECTOR FINANCIERO POPULAR Y SOLIDARIO,51492.2,2
GOBIERNO AUTONOMO DESCENTRALIZADO PARROQUIAL RURAL DE GUIZHAGUIÑA,51404.13,5
EMPRESA PUBLICA MUNICIPAL DE AGUA POTABLE Y ALCANTARILLADO DE OTAVALO,51379.89,72
REGISTRO DE LA PROPIEDAD Y MERCANTIL DEL CANTON CAYAMBE,51239.83,107
FISCALIA DE CHIMBORAZO,51151.57,27
GOBIERNO AUTONOMO DESCENTRALIZADO PARROQUIAL RURAL DE MARIANO MORENO,51150.990000000005,36
JUNTA PARROQUIAL SAN LORENZO,51061.259999999995,62
JUNTA PARROQUIAL DE JAVIER LOYOLA,50887.74,14
Junta Parroquial de Virgen de Fatima,50799.45,2
DIRECCIÒN DISTRITAL 20D01-SAN CRISTOBAL-SANTA CRUZ-ISABELA-MIES,50790.34,11
GOBIERNO AUTONOMO DESCENTRALIZADO PARROQUIAL LLIGUA,50780.49,11
GOBIERNO AUTONOMO DESCENTRALIZADO PARROQUIAL DE JIMA,50733.37,32
GOBIERNO AUTONOMO DESCENTRALIZADO PARROQUIAL RURAL DE ZURMI,50720.469999999994,20
asociacion de la renovacion carismatica,50538.14,2
MINISTERIO DE TRABAJO Y DESARROLLO HUMANO,50399.87,1
GOBIERNO AUTONOMO DESCENTRALIZADO PARROQUIAL RURAL DE TOACASO,50299.869999999995,2
Escuela de Perfeccionamiento de Aerotecnicos,50266.57,35
DIRECCION DISTRITAL 22D02C04-PUERTO FRANCISCO DE ORELLANA COCA-ORELLANA-MIT,50245.5,3
BENEMERITO CUERPO DE BOMBEROS DE ZARUMA,50227.5,5
GOBIERNO AUTONOMO DESCENTRALIZADO PARROQUIAL RURAL MARCOS ESPINEL,50182.97,34
GOBIERNO AUTONOMO DESCENTRALIZADO PARROQUIAL RURAL DE SAN ANTONIO,49997.51,1
Cuerpo de Bomberos de Baños de Agua Santa,49816.39,30
GOBIERNO AUTONOMO DESCENTRALIZADO PARROQUIAL RURAL LINARES,49785.97,8
"EMPRESA PUBLICA TAME LINEA AEREA DEL ECUADOR TAME EP ""EN LIQUIDACIÓN""",49750.97,23
Federacion Deportiva Provincial de Napo,49696.15,3
JUNTA DE POLITICA Y REGULACION FINANCIERA,49609.06,1
DIRECCION PROVINCIAL DE SALUD DE IMBABURA,49410.16,3
JUNTA PARROQUIAL LA PILA,49300.1,3
EMPRESA PUBLICA MUNICIPAL DE AGUA POTABLE Y ALCANTARILLADO DEL CANTON ESPEJO EPMAPA-E,49151.24,42
GOBIERNO AUTONOMO DESCENTRALIZADO PARROQUIAL SAN FRANCISCO DE GUALLETURO,49119.65,35
JUNTA PARROQUIAL EL LIMO,48963.15,15
Fundacion Iluminar Luz y Color para Cuenca,48913.89,1
FEDERACION DEPORTIVA PROVINCIAL DE SANTO DOMINGO DE LOS TSACHILAS,48775.73,22
FISCALIA DE CARCHI,48674.78,27
COMITE PRO-MEJORAS DEL BARRIO SANTA ANA,48600.0,2
CUERPO DE BOMBEROS DE EL CHACO,48466.719999999994,25
UNIDAD EDUCATIVA FAE N 5,48457.009999999995,2
UNAE EP,48411.02,5
JUNTA PARROQUIAL BARRAGANETE,48364.11,3
"EMPRESA PÚBLICA MUNICIPAL DE AGUA POTABLE, ALCANTARILLADO, MANEJO FLUVIAL Y DEPURACIÓN DE RESIDUOS LÍQUIDOS DE SANTA ISABEL.",48319.149999999994,44
"BATALLÓN DE INFANTERÍA MOTORIZADO N 20 ""CAPT DÍAZ""",48217.75,2
FEDERACION DEPORTIVA PROVINCIAL DE EL ORO,48188.14,63
GOBIERNO AUTONOMO DESCENTRALIZADO PARROQUIAL RURAL DE COSANGA,48184.46,18
Centro Médico Asdrubal de la Torre,48091.46,4
GOBIERNO AUTONOMO DESCENTRALIZADO PARROQUIAL RURAL DEL ROSARIO,47900.0,2
JUNTAPARROQUIALDEOYACAHI,47436.229999999996,3
FUNDACION ALVAREZ,47426.3,4
DIRECCION DISTRITAL 19D01-YACUAMBI-ZAMORA-ZAMORA CHINCHIPE - MIT,47355.44,3
Gobierno Autónomo Descentralizado Parroquial Rurral de Amazonas,47330.829999999994,19
GOBIERNO AUTÒNOMO DESCENTRALIZADO PARROQUIA RURAL DE DAULE,47259.2,1
"CONSEJO NACIONAL ELECTORAL, DELEGACIÓN PROVINCIAL DEL CAÑAR",47145.52,83
RED MUNICIPAL DE SALUD MACHALA EP,47124.9,3
CENTRO DE SALUD B- PALTAS,47116.13,57
JUNTA PARROQUIAL DE BELLAVISTA,47108.02,1
CENTRO DE SALUD A-COTACACHI,47069.380000000005,93
GOBIERNO AUTONOMO DESCENTRALIZADO PARROQUIAL RURAL DE TAYUZA,47003.340000000004,7
EMPRESA PUBLICA MUNICIPAL DE AGUA POTABLE ALCANTARILLADO Y SANEAMIENTO DE CALVAS EP EMAPAC,46771.93,26
GOBIERNO AUTONOMO DESCENTRALIZADO PARROQUIAL RURAL DE SAN ANDRES CHINCHIPE,46658.6,1
Fiscalia Provincial de Cotopaxi,46522.93,10
HOSPITAL BASICO 17 BS,46253.83,88
GOBIERNO AUTONOMO DESCENTRALIZADO PARROQUIAL RURAL DE SALIMA,46191.44,2
GOBIERNO AUTONOMO DESCENTRALIZADO PARROQUIAL RURAL DE CAÑAQUEMADA,45835.9,11
GOBIERNO AUTONOMO DESCENTRALIZADO PARROQUIAL RURAL DE NAZON,45693.810000000005,26
"MANCOMUNIDAD DEL PUEBLO CAÑARI ENTRE LAS MUNICIPALIDADES DE LOS CANTONES CAÑAR, EL TAMBO, SUSCAL Y BIBLIAN",45633.29,24
GOBIERNO AUTONOMO DESCENTRALIZADO PARROQUIAL RURAL DE CAPIRO,45459.61,52
Junta Parroquial de Lloa,45436.19,3
GOBIERNO AUTONOMO DESCENTRALIZDO PARROQUIAL RURAL EL MORRO,45326.17,5
GOBIERNO AUTONOMO DESCENTRALIZADO PARROQUIAL RURAL LA NUEVA TRONCAL,45324.990000000005,4
CUERPO DE BOMBEROS DEL CANTON EL PANGUI,45310.56,45
CENTRO DE DESARROLLO SOCIAL DEL GOBIERNO AUTONÓMO DESCENTRALIZADO DEL CANTON CALVAS,45294.91,41
GOBIERNO AUTONOMO DESCENTRALIZADO PARROQUIAL JUAN DE VELASCO,45179.57,18
PUEBLO KICHWA KISAPINCHA,45018.07,1
GOBIERNO AUTONOMO DESCENTRALIZADO PARROQUIAL SELVA ALEGRE,44997.0,3
ESCUELA DE AVIACIÓN,44938.28,44
GOBIERNO AUTONOMO DESCENTRALIZADO PARROQUIAL DE NANEGAL,44816.39,63
Cuerpo de Bomberos del Cantòn Arenillas,44754.62,77
CENTRO DE SALUD A - SAN LORENZO,44691.49,34
Cuerpo de Bomberos San José de Chimbo,44410.52,15
DIRECCION DISTRITAL 07D02-MACHALA-EL ORO-MIT,44310.3,2
GOBIERNO AUTONOMO DESCENTRALIZADO PARROQUIAL RURAL DE TNTE MAXIMILIANO RODRIGUEZ LOAIZA,44282.07,22
GOBIERNO AUTONOMO DESCENTRALIZADO DE LA PARROQUIA CHAQUINAL,44123.77,2
CUERPO DE BOMBEROS DEL CANTON SARAGURO,43998.03,3
GOBIERNO AUTONOMO DESCENTRALIZADO DE LA PARROQUIA RURAL SAN PABLO DE PUEBLO NUEVO,43854.0,1
DIRECCION DISTRITAL 23D01 - PARROQUIAS URBANAS RIO VERDE A CHIGUILPE Y PARROQUIAS RURALES ALLURIQUIN A PERIFERIA- MAG,43838.6,18
GOBIERNO AUTONOMO DESCENTRALIZADO PARROQUIAL RURAL DE JUAN BENIGNO VELA,43799.17,15
Facultad de Medicina Veterinaria yZootecnia-Universidad Central del Ecuador,43755.909999999996,53
GOBIERNO AUTÓNOMO DESCENTRALIZADO PARROQUIAL RURAL DE SAN BLAS,43604.52,2
EMPRESA PUBLICA MUNICIPAL REGISTRO DE LA PROPIEDAD DEL CANTON PORTOVIEJO,43313.0,45
GOBIERNO AUTONOMO DESCENTRALIZADO PARROQUIAL DE GUARAINAG,43222.08,15
INSTITUTO PÚBLICO DE INVESTIGACIÓN DE ACUICULTURA Y PESCA,43121.53,3
Junta Parroquial de Compud,43041.700000000004,77
GOBIERNO AUTONOMO DESCENTRALIZADO PARROQUIA RURAL LA CONCEPCION,42972.43,71
GOBIERNO AUTONOMO DESCENTRALIZADO PARROQUIAL SANTA RUFINA,42872.69,3
GOBIERNO AUTONOMO DESCENTRALIZADO DE LA PARROQUIA DUGDUG,42817.72,26
GOBIERNO AUTONOMO DESCENTRALIZADO PARROQUIAL DE SAN RAFAEL DE SHARUG,42805.079999999994,19
Direccion Distrital 10D01 Ibarra-Pimampiro-San Miguel de Urcuqui-Educacion,42794.66,47
GOBIERNO AUTONOMO DESCENTRALIZADO PARROQUIA RURAL DE URBINA,42665.48,12
DIRECCION DISTRITAL 19D04-EL PANGUI-YANTZAZA-SALUD,42623.229999999996,23
Empresa Pública Municipal Mancomunada de Aseo Integral de la Cuenca del Jubones,42488.1,30
EASYNET SA,42415.090000000004,19
GOBIERNO AUTONOMO DESCENTRALIZADO PARROQUIAL RURAL SAN FRANCISCO DEL VERGEL,42212.44,34
"CONSEJO NACIONAL ELECTORAL,DELEGACIÓN PROVINCIAL DE BOLIVAR",42062.25,56
DIRECCION TECNICA OPERATIVA ISABELA,42049.08,11
GOBIERNO AUTONOMO DESCENTRALIZADO SAN PABLO DE TENTA,41986.25,15
CUERPO DE BOMBEROS DE PIMAMPIRO,41957.369999999995,59
FUNDACION NIÑOS CON DESTINO EN LAS MANOS DE DIOS,41694.44,62
CONSORCIO ANDINO PARA LA SIEMBRA Y COSECHA DEL AGUA,41503.94,15
GOBIERNO AUTONOMO DESCENTRALIZADO PARROQUIAL RURAL SAN ANTONIO DE PASA,41219.03,49
HOLDINGDINE S.A. CORPORACION INDUSTRIAL Y COMERCIAL,41170.84,3
MINISTERIO DEL TRABAJO REGIONAL 3; CENTRO DE LA SIERRA Y AMAZONIA,41003.61,33
GOBIERNO AUTONOMO DESCENTRALIZADO PARROQUIAL DE CIANO,40986.33,75
GOBIERNO AUTONOMO DESCENTRALIZADO PARROQUIAL RURAL QUIMIAG,40871.0,2
FUNDACION CALASANZ,40689.7,106
Casa Cultura Ecuatoriana Núcleo Galapagos,40560.0,4
CUERPO DE BOMBEROS MUNICIPAL DEL CANTON EL GUABO,40500.380000000005,3
FUNDACIÓN DE SERVICIOS SOCIALES BRUNO Y ADER,40481.08,28
GOBIERNO AUTONOMO DESCENTRALIZADO PARROQUIA RURAL DE CRISTOBAL COLON,40381.49,102
GOBIERNO AUTONOMO DESCENTRALIZADO PARROQUIAL RURAL EL ANEGADO,40279.409999999996,41
GOBIERNO AUTONOMO DESCENTRALIZADO PARROQUIAL RURAL DE ALANGASI,40252.34,57
CENTRO DE SALUD B - PORTOVELO,40146.47,75
FUNDACION DE ASISTENCIA SOCIAL VISION Y EXITO,40103.729999999996,13
FEDERACION ECUATORIANA DE DEPORTE PARA PERSONAS SORDAS - DISCAPACIDAD AUDITIVA.,40068.0,3
GOBIERNO AUTÓNOMO DESCENTRALIZADO PARROQUIAL RURAL DE PUNÁ,40000.0,1
"CONSEJO NACIONAL ELECTORAL, DELEGACIÓN PROVINCIAL DE NAPO",39912.200000000004,80
Junta Parroquial de Tambillo,39641.0,3
"COORDINACION ZONAL 6-INSPI ""DR.LEOPOLDO IZQUIETA PEREZ""",39507.39,45
GOBIERNO AUTONOMO DESCENTRALIZADO DE LA PARROQUIA ATAHUALPA,39490.5,2
Congregacion  de las hermanitas de los Ancianos Desamparados,39465.52,10
JUNTA PARROQUIAL DE MAJUA,39451.31,1
UNIDAD DEL REGISTRO SOCIAL,39398.490000000005,23
DIRECCION DISTRITAL 19D01-YACUAMBI-ZAMORA-MIES,39345.21,106
Congregacion Buen Pastor,39262.77,13
COMPAÑIA NACIONAL DE DANZA,39207.36,2
BENEMERITO CUERPO DE BOMBEROS DEL CANTON PEDRO CARBO,38980.3,15
FEDERACION DEPORTIVA PROVINCIAL DE SANTA ELENA,38622.43,40
DIRECCION ZONAL 1 DEL MINISTERIO DE RELACIONES EXTERIORES Y MOVILIDAD HUMANA,38576.5,41
GOBIERNO AUTONOMO DESCENTRALIZADO PARROQUIAL RURAL DE SAN PABLO DE ATENAS,38511.79,1
CONSEJO CANTONAL DE SALUD DE LORETO,38478.8,2
DIRECCION DISTRITAL 02D01 - GUARANDA - MINISTERIO DE DESARROLLO HUMANO,38355.43,20
REGISTRO DE LA PROPIEDAD DEL CANTON QUININDE,38347.53,21
HIDROELECTRICA PALMIRA - NANEGAL C.E.M. IPNEGAL,38282.01,52
CUERPO DE BOMBEROS DEL CANTÓN SUCRE,38179.46000000001,11
CONSEJO NACIONAL ELECTORAL DELEGACION PROVINCIAL DE COTOPAXI,38177.35,38
GOBIERNO PARROQUIAL DE AYACUCHO,38065.58,3
DIRECCION DISTRITAL 02D01-GUARANDA - MIES,37885.03,16
GOBIERNO AUTONOMO DESCENTRALIZADO PARROQUIAL RURAL DE COLUMBE,37266.93,17
GOBIERNO AUTONOMO DESCENTRALIZADO DE LA PARROQUIA LIMONES,37263.9,28
DIRECCION DISTRITAL 05D01 LATACUNGA-COTOPAXI-MTOP,37239.119999999995,5
DIRECCION TECNICA OPERATIVA SAN CRISTOBAL,37143.87,11
CAPITANIA DEL PUERTO DE PUERTO BOLIVAR,37124.11,55
GOBIERNO AUTONOMO DESCENTRALIZADO PARROQUIAL RURAL DE SANTA FE,37070.5,4
Instituto Hermanas Franciscanas de la Caridad,36836.22,2
GOBIERNO AUTONOMO DESCENTRALIZADO PARROQUIAL RURAL DE COPAL,36814.68,8
GOBIERNO AUTONOMO DESCENTRALIZADO PARROQUIAL RURAL GONZALO DIAZ DE PINEDA,36809.3,50
GOBIERNO AUTONOMO DESCENTRALIZADO PARROQUIAL RURAL DE CHACRAS,36785.35,9
JUNTA PARROQUIAL DE JIMBILLA,36720.74,36
EMPRESA MUNICIPAL DE VIVIENDA PROVIVIR PUYANGO,36684.0,1
GOBIERNO AUTONOMO DESCENTRALIZADO INTERCULTURAL ALTERNATIVO PARTICIPATIVO DE LA PARROQUIA SAN SIMON,36615.39,27
CUERPO DE BOMBEROS DE URCUQUI,36566.31,27
DIRECCION DISTRITAL 16D01-PASTAZA-MERA -SANTA CLARA-MIES,36538.86,62
ACADEMIA DE ESTUDIOS ESTRATEGICOS DE LA POLICIA NACIONAL,36334.729999999996,24
GOBIERNO AUTONOMO DESCENTRALIZADO PARROQUIAL RURAL DE ABDON CALDERON,36274.52,56
JUNTA PARROQUIAL TOBAR DONOSO,36096.2,1
CONAGOPARE AZUAY,36040.9,17
JUNTA PARROQUIAL UNION MILAGREÑA,35991.99,3
CUERPO DE BOMBEROS DE ZARUMA,35864.5,56
GOBIERNO AUTONOMO DESCENTRALIZADO PARROQUIAL DE EL CABO,35852.09,26
GOBIERNO AUTÓNOMO DESCENTRALIZADO PARROQUIAL RURAL PABLO ARENAS,35768.12,29
Junta Parroquial San Pedro de Suma,35681.63,9
DIRECCION DISTRITAL-11D06-CALVAS-GONZANAMA-QUILANGA - MINISTERIO DE DESARROLLO HUMANO,35467.14,50
GOBIERNO AUTONOMO DESCENTRALIZADO PARROQUIAL RURAL DE LLAGOS,35438.67,49
GOBIERNO AUTONOMO DESCENTRALIZADO PARROQUIAL RURAL MEMBRILLAL,35292.28,2
GOBIERNO AUTONOMO DESCENTRALIZADO PARROQUIAL RURAL DE PIEDRAS,35248.74,1
ESTACION EXPERIMENTAL PORTOVIEJO,35233.42,94
CENTRO DE SALUD B ATUNTAQUI,35142.66,70
DIRECCION DISTRITAL 11D01-LOJA-MAG,35070.47,76
"INTENDENCIA REGIONAL DE COMPAÑIAS, VALORES Y SEGUROS DE QUITO",35042.94,70
FEDERACIÓN DEPORTIVA MILITAR ECUATORIANA,35000.0,1
FISCALIA DE MORONA SANTIAGO,34962.65,32
Gobierno Parroquial de Indanza,34911.67,4
cuerpo de bomberos de canton cuyabeno,34782.25,37
REGISTRO MUNICIPAL DE LA PROPIEDAD DEL CANTON TULCAN,34702.1,115
DIRECCIÓN DISTRITAL 11D09-ZAPOTILLO-EDUCACIÓN,34699.41,1
FEDERACION ECUATORIANA DE BASKET-BALL,34660.0,1
Facultad de Ciencias Sociales y Humanas,34634.17,65
BENEMERITO CUERPO DE BOMBEROS DEL CANTÓN ATACAMES,34619.09,2
GOBIERNO AUTONOMO DESCENTRALIZADO DE LA PARROQUIA 12 DE DICIEMBRE,34600.0,2
CENTRO DE SALUD A - VENTANAS,34590.340000000004,42
GOBIERNO AUTONOMO DESCENTRALIZADO DE LA PARROQUIA ORIANGA,34420.450000000004,5
Junta Parroquial de la Asuncion,34340.34,20
CUERPO DE BOMBEROS DE SAN MIGUEL DE BOLIVAR,34321.619999999995,55
GOBIERNO AUTONOMO DESCENTRALIZADO PARROQUIAL RURAL PUERTO RODRIGUEZ,34215.44,2
CENTRO CARITAS ANTONIANA ALEGRIA DE VIVIR,34204.130000000005,6
GOBIERNO AUTONOMO DESCENTRALIZADO PARROQUIAL RURAL DE ALOAG,34077.26,29
FEDERACION ECUATORIANA DE GIMNASIA,34000.0,2
JUNTA PARROQUIAL DE CUMANDA,33924.75,57
PROCURADURIA GENERAL DEL ESTADO - DIRECCION REGIONAL 1,33816.81,29
"SUBSECRETARIA DE PUERTOS, TRANSPORTE MARITIMO Y FLUVIAL",33775.69,52
GOBIERNO AUTONOMO DESCENTRALIZADO PARROQUIAL RURAL DE SAN JOSE DE CHALTURA,33622.6,116
DIRECCION DISTRITAL 18D01 - PARROQUIA URBANA LA PENINSULA A SAN FRANCISCO Y PARROQUIAS RURALES AUGUSTO N MARTINEZ A ATAHUALPA - MAG,33185.869999999995,13
Facultad de Ciencias Agrícolas de la Universidad Central del Ecuador,33174.729999999996,36
GOBIERNO AUTONOMO DESCENTRALIZADO PARROQUIAL RURAL SANTIAGO DE CALPI,33101.8,4
EMPRESA PUBLICA MUNICIPAL DE AGUA POTABLE DE ALCANTARILLADO DE SANTA CRUZ EP,32983.31,14
GOBIERNO AUTONOMO DESCENTRALIZADO PARROQUIAL RURAL DE SABANILLA,32919.719999999994,3
EMPRESA NACIONAL MINERA ENAMI EP.,32886.8,42
SANTA BARBARA EP,32842.83,6
CUERPO DE BOMBEROS DEL GOBIERNO AUTONOMO DESCENTRALIZADO MUNICIPAL DEL CANTON SAQUISILI,32796.51,5
GOBIERNO AUTONOMO DESCENTRALIZADO PARROQUIAL RURAL SAN ISIDRO DE PATULU,32707.71,4
CUERPO DE BOMBEROS DE MARCELINO MARIDUEÑA,32571.44,40
GOBIERNO AUTONOMO DESCENTRALIZADO PARROQUIAL RURAL DANIEL CORDOVA TORAL,32347.739999999998,5
JUNTA PARROQUIAL DE SAN RAFAEL DE LA LAGUNA,32137.54,2
GOBIERNO AUTONOMO DESCENTRALIZADO DE LA PARROQUIA EL INGENIO,31959.99,1
GOBIERNO AUTONOMO DESCENTRALIZADO PARROQUIAL RURAL DE CHOBO,31930.07,24
DIRECCION DISTRITAL 05D01-LATACUNGA-COTOPAXI-MIT,31856.04,4
Empresa Pública Municipal Registro de la Propiedad del Cantón Durán,31790.76,35
Fundación NAKUNA,31553.86,2
COORDINACION ZONAL 3 - ARCSA,31547.550000000003,11
DIRECCION DISTRITAL-05D01-LATACUNGA - MINISTERIO DE DESARROLLO HUMANO,31146.0,2
CUERPO DE BOMBEROS DEL CANTON MONTUFAR,30948.510000000002,78
GOBIERNO AUTONOMO DESCENTRALIZADO PARROQUIAL RURAL DE AYAPAMBA,30833.38,25
FUNDACION PARA LA PROTECCION DEL ANCIANO FUNPRA,30807.27,1
Junta Parroquial la Unión,30503.160000000003,11
MINISTERIO DE INFRAESTRUCTURA Y TECNOLOGIA,30490.0,1
PATRONATO DE AMPARO SOCIAL DEL CANTON SUCRE,30331.58,84
GOBIERNO AUTONOMO DESCENTRALIZADO PARROQUIAL RURAL DE SAN MIGUEL,30198.21,37
GOBIERNO AUTONOMO DESCENTRALIZADO DE LA PARROQUIA TACAMOROS,29941.5,1
GOBIERNO AUTONOMO DESCENTRALIZADO PARROQUIAL RURAL DE VALPARAISO,29923.47,1
JUNTA PARROQUIAL SANTA ROSA,29812.0,2
ASOCIACION DE TRABAJADORES AGRICOLAS AUTONOMOS VICTORIA DE LAS MERCEDES,29786.75,2
FUNDACION CIUDADANOS EN ACCION CCA,29552.8,8
JUNTA PARROQUIAL DE ALOASI,29157.85,61
CONSEJO CANTONAL DE PROTECCION DE DERECHOS DE TENA,29142.75,1
FUNDACION ADELANTO COMUNITARIO ECUATORIANO,29107.989999999998,21
CUERPO DE BOMBEROS DEL CANTON EL PAN,29004.329999999998,2
CONSEJO CANTONAL DE PROTECCION DE DERECHOS DEL CANTÓN GUALAQUIZA,29000.0,1
GOBIERNO AUTONOMO DESCENTRALIZADO DE LA PARROQUIA DE CUBE,28996.91,1
Facultad de Psicologia Universidad central ,28948.9,56
GOBIERNO AUTONOMO DESCENTRALIZADO  PARROQUIAL FLORES,28905.22,25
EMPRESA PÚBLICA MUNICIPAL DE CENTROS COMERCIALES Y CAMAL,28807.149999999998,2
EMPRESA PUBLICA MUNICIPAL DE AGUA POTABLE Y ALCANTARILLADO DEL CANTON CHIMBO,28755.92,26
GOBIERNO AUTONOMO DESCENTRALIZADO PARROQUIAL RURAL LA BOCANA,28700.1,2
GOBIERNO AUTÓNOMO DESCENTRALIZADO DE LA PARROQUIA MULLIQUINDIL,28620.31,32
GOBIERNO AUTONOMO DESCENTRALIZADO DE LA PARROQUIA CANGONAMA,28404.79,12
GOBIERNO PARROQUIAL DE CAHUASQUI,28343.460000000003,47
GOBIERNO AUTONOMO DESCENTRALIZADO PARROQUIAL RURAL DE MORALES,28307.54,37
FUNDACION MENSAJEROS DE LA PAZ,28285.02,6
JUNTA PARROQUIAL LA LIBERTAD,28279.78,14
EMPRESA PUBLICA CORPORACION DE SERVICIOS PUBLICOS MUNICIPALES DE JIPIJAPA- EP,28214.79,65
SUPERINTENDENCIA DEL TERMINAL PETROLERO DE LA LIBERTAD - MIT,28213.72,13
JUNTA PARROQUIAL SAN ANTONIO DE CUMBE,28185.18,7
FEDERACION DEPORTIVA PROVINCIAL DEL CAÑAR,28184.81,3
DIRECCION DISTRITAL 15D01 - ARCHIDONA A TENA - MAGP,28100.0,2
GOBIERNO AUTONOMO DESCENTRALIZADO PARROQUIAL RURAL DE VICENTINO,27840.0,1
GOBIERNO AUTONOMO DESCENTRALIZADO DE LA PARROQUIA RURAL CHIRIJOS,27790.91,4
GOBIERNO AUTONOMO DESCENTRALIZADO PARROQUIAL RURAL SUCRE,27781.620000000003,46
"Empresa Publica de Mantenimiento, Infraestructura, Vialidad, Ambiente y Mineria de Paute-Vialmin EP",27767.79,17
ESTACION EXPERIMENTAL SANTO DOMINGO,27691.8,12
COMPAÑIA DE ECONOMIA MIXTA MERCADO MAYORISTA DE IBARRA COMERCIBARRA,27540.26,24
Junta Parroquial El Progreso,27459.62,2
GOBIERNO AUTONOMO DESCENTRALIZADO PARROQUIAL DE FUNDOCHAMBA,27452.59,4
Cuerpo de Bomberos de Ventanas,27400.0,2
SECRETARIA DE INVERSIONES PUBLICO-PRIVADAS,27397.86,9
FISCALIA DE PASTAZA,27395.17,36
GOBIERNO AUTONOMO DESCENTRALIZADO PARROQUIAL RURAL SAN RAFAEL,27244.89,80
EMMAI-MANABI-CS-EP,27151.61,26
"Brigada de Selva No. 21 ""Condor""",26946.4,69
EMPRESA PÚBLICA DE DESARROLLO URBANO DE PEDERNALES,26600.34,1
CUERPO DE BOMBEROS CANTON PLAYAS,26587.08,1
GOBIERNO AUTONOMO DESCENTRALIZADO PARROQUIA RURAL DE CHONTADURO,26566.94,1
CUERPO DE BOMBEROS DE VINCES,26463.85,31
GOBIERNO AUTONOMO DESCENTRALIZADO PARROQUIAL RURAL MANUEL J.CALLE,26427.7,18
DIRECCION DISTRITAL 12D01 - BABA A MONTALVO - MAGP,26318.0,1
GOBIERNO AUTONOMO DESCENTRALIZADO PARROQUIAL DE SAN BARTOLOME,26214.88,13
FEDERACION DEPORTIVA NACIONAL DEL ECUADOR,26170.61,48
GOBIERNO AUTONOMO DESCENTRALIZADO PARROQUIAL RURAL DE PUMALLACTA,26075.01,43
REGISTRO DE LA PROPIEDAD DEL CANTON FRANCISCO DE ORELLANA,26000.0,1
JUNTA PARROQUIAL DE ISINLIVI,25869.91,14
GOBIERNO AUTÓNOMO DESCENTRALIZADO PARROQUIAL RURAL DE PAN DE AZÚCAR,25837.97,2
GOBIERNO AUTONOMO DESCENTRALIZADO PARROQUIAL RURAL LA UNION,25788.17,1
JUNTA PARROQUIAL NUEVA FATIMA,25725.76,36
EMPRESA PUBLICA VIAL DEL GOBIERNO PROVINCIAL AUTONOMO DE EL ORO - EMVIAL EP,25663.85,4
DIRECCION DISTRITAL 11D06 CALVAS GONZANAMA QUILANGA MIES,25605.27,63
ENTIDAD OPERATIVA DESCONCENTRADA PROYECTO DE RECONVERSION DE LA EDUCACION TECNICA Y TECNOLOGICA SUPERIOR PUBLICA DEL ECUADOR,25589.99,2
GOBIERNO AUTONOMO DESCENTRALIZADO PARROQUIAL RURAL PLAZA GUTIERREZ,25575.64,10
GOBIERNO AUTÓNOMO DESCENTRALIZADO PARROQUIAL RURAL MADRE TIERRA,25399.66,2
GOBIERNO AUTONOMO DESCENTRALIZADO PARROQUIAL GENERAL MORALES,25350.38,10
"CASA DE LA CULTURA ECUATORIANA BENJAMIN CARRION, NUCLEO DE MANABI",25231.47,56
EMPRESA MUNICIPAL DE AGUA POTABLE Y ALCANATRILLADO DEL CANTON NOBOL,25175.510000000002,29
DIRECCION PROVINCIAL DE SALUD DE GALAPAGOS,25000.0,1
JUNTA PARROQUIAL CALDERON,25000.0,1
FIDEICOMISO FONAPA,24997.66,10
DIRECCION DISTRITAL 19D01-YACUAMBI-ZAMORA-EDUCACION,24893.19,20
GOBIERNO AUTONOMO DESCENTRALIZADO PARROQUIAL RURAL DE GALERA,24856.26,14
CENTRO DE ASISTENCIA SOCIAL INTEGRAL PARA LOS GRUPOS DE ATENCION PRIORITARIA LA JOYA DE LOS SACHAS,24828.09,105
BANCO DE DESARROLLO DEL ECUADOR B.P. SUCURSAL ZONAL SUR,24791.32,14
JUNTA PARROQUIAL SAN SEBASTIAN DE YULUC,24685.9,13
GOBIERNO AUTÓNOMO DESCENTRALIZADO PARROQUIAL RURAL DE LITA,24597.59,13
GOBIERNO AUTONOMO DESCENTRALIZADO PARROQUIAL RURAL DE TONSUPA,24500.0,1
GOBIERNO AUTONOMO DESCENTRALIZADO PARROQUIAL RURAL DE PUERTO PECHICHE,24488.82,42
DIRECCION DISTRITAL- 09D20 - SALITRE - MINISTERIO DE DESARROLLO HUMANO,24380.0,2
FISCALIA DE ZAMORA CHINCHIPE,24301.29,20
GOBIERNO AUTONOMO DESCENTRALIZADO PARROQUIAL RURAL DE EL ALTAR,24279.29,2
Consejo Nacional Electoral Delegación Provincial de Loja,24237.15,9
CENTRO DE APOYO A LA GESTION RURAL DE AGUA POTABLE CENAGRAP,24219.23,2
JUNTA PARROQUIAL DE ZAPALLO,24029.590000000004,17
Empresa Publica de Servicuio de Rastro Catamayo,23905.69,56
GOBIERNO AUTONOMO DESCENTRALIZADO PARROQUIAL RURAL EL ROSARIO RUMICHACA,23777.94,31
GOBIERNO AUTONOMO DESCENTRALIZADO PARROQUIAL RURAL DE BENITEZ PACHANLICA,23762.95,50
EMPRESA MUNICIPAL DE LA TERMINAL TERRESTRE DEL CANTON CAÑAR,23710.239999999998,59
GOBIERNO MUNICIPAL DE FLAVIO ALFARO,23672.24,5
UNIDAD EDUCATIVA DE FF.AA. COLEGIO MILITAR NO. 8 GRAL. JOSE DE VILLAMIL,23500.0,1
UNIDAD NACIONAL ANTIDOPAJE DEL ECUADOR - UNADE,23482.83,22
PATRONATO DE PROTECCION A GRUPOS DE ATENCION PRIORITARIA,23467.38,38
Centro Interamericano de Artesanías y Artes Populares CIDAP,23465.64,33
JUNTA PARROQUIAL DE CHUGCHILAN,23400.02,36
Fundación Construyamos un Sueño,23378.23,77
PAGADURIA CENTRO DE OPERACIONES SECTORIALES No 1 COS-1,23330.0,2
GOBIERNO AUTONOMO DESCENTRALIZADO PARROQUIAL DE QUINCHICOTO,23293.4,1
GOBIERNO AUTONOMO DESCENTRALIZADO PARROQUIAL DE TAQUIL,23285.86,1
JUNTA PARROQUIAL MALCHINGUI,23219.48,58
PATRONATO DE AMPARO SOCIAL DEL GAD MUNICIPAL DE LA MANA,23120.88,153
GOBERNACION DE MANABI,23118.350000000002,28
CUERPO DE BOMBEROS DEL CANTON SANTIAGO,22977.68,2
DIRECCION DISTRITAL 11D03-PALTAS-EDUCACION,22842.21,33
GOBIERNO AUTONOMO DESCENTRALIZADO PARROQUIAL RURAL LA CANDELARIA,22744.71,5
"INSTITUTO DE INVESTIGACIÓN, CAPACITACIÓN Y PROMOCIÓN POLITICO ELECTORAL-INSTITUTO DE LA DEMOCRACIA",22651.44,17
CONSEJO CANTONAL DE PROTECCION DE DERECHOS DEL CANTON BABAHOYO,22598.73,50
CUERPO DE BOMBEROS DE ALAUSI,22522.940000000002,25
CONSEJO NACIONAL PARA LA IGUALDAD DE GENERO,22510.64,20
FISCALIA DE IMBABURA,22392.5,15
REGISTRO MERCANTIL DEL CANTON QUITO,22388.2,2
GOBIERNO AUTONOMO DESCENTRALIZADO VALLE DE LA VIRGEN,22250.0,2
GOBIERNO AUTONOMO DESCENTRALIZADO PARROQUIAL TOMEBAMBA,22180.24,5
GOBIERNO AUTONOMO DESCENTRALIZADO PARROQUIAL RURAL DE SAN PEDRO DE LA BENDITA,22121.75,3
GOBIERNO AUTONOMO DESCENTRALIZADO DE LA PARROQUIA PATUCA,21980.51,13
CUERPO DE BOMBEROS DEL CANTON SUCÚA,21945.36,3
UNION DE ORGANIZACIONES Y PUEBLOS DE CHIBULEO-UNOPUCH,21637.0,1
GOBIERNO AUTONOMO DESCENTRALIZADO DE LA PARROQUIA SANTIAGO,21601.77,19
COORDINACION ZONAL 4 DE GESTION DE RIESGOS,21512.79,1
GOBIERNO AUTONOMO DESCENTRALIZADO PARROQUIAL RURAL DE EL TRIUNFO,21488.82,81
CENTRO DE ESPECIALIDADES SAN JUAN,21475.53,41
GOBIERNO AUTONOMO DESCENTRALIZADO PARROQUIAL RURAL  DE CHUGA,21328.07,60
ESCUELA DE POLICIA CABO SEGUNDO SOCRATES ARBOLEDA SANABRIA,21317.41,1
GOBIERNO AUTONOMO DESCENTRALIZADO PARROQUIAL RURAL DE RUMIPAMBA,21273.97,38
JUNTA PARROQUIAL DE  GARZA REAL,21266.62,42
CUERPO DE BOMBEROS MUNICIPAL DEL CANTON  PASAJE,21160.0,1
GOBIERNO AUTONOMO DESCENTRALIZADO PARROQUIAL RURAL CAÑI,21156.34,1
GOBIERNO AUTONOMO DESCENTRALIZADO PARROQUIAL RURAL DE RIO BONITO,21142.47,7
UNION DE ORGANIZACIONES CAMPESINAS E INDIGENAS DE PASA UOCAIP,21076.260000000002,3
"EMPRESA PÚBLICA MUNICIPAL PARA LA GESTION DE LA INNOVACION Y LA COMPETITIVIDAD, EP",20990.31,1
"DIRECCION DISTRITAL 09D05-TARQUI-1, TENGUEL-GUAYAS-MTOP",20957.08,1
CENTRO DE SALUD B-CATAMAYO,20878.27,79
"Casa de la Cultura Ecuatoriana, Núcleo de Los Ríos",20859.46,1
GOBIERNO AUTONOMO DESCENTRALIZADO DE QUIROGA,20856.71,25
GOBIERNO AUTONOMO DESCENTRALIZADO PARROQUIA RURAL DE LA PAZ,20836.38,74
GOBIERNO AUTONOMO DESCENTRALIZADO PARROQUIAL DE CHOROCOPTE,20709.68,56
BENEMERITO CUERPO DE BOMBEROS DEL CANTON PEDERNALES,20639.18,17
Junta Parroquial de Monte Olivo,20568.09,30
FISCALIA DE NAPO,20562.36,10
Fundacion Sin Barreras,20357.03,2
FEDERACION ECUATORIANA DE RACQUETBALL,20200.0,1
DIRECCION ZONAL 4 DEL MINISTERIO DE RELACIONES EXTERIORES Y MOVILIDAD HUMANA,20174.08,38
DIRECCION REGIONAL DE TRABAJO Y SERVICIO PUBLICO-DIRECCION REGIONAL PORTVIEJO,20145.940000000002,11
GOBIERNO AUTONOMO DESCENTRALIZADO PARROQUIAL RURAL DE UNAMUNCHO,20134.66,8
GOBIERNO AUTONOMO DESCENTRALIZADO PARROQUIAL RURAL DE SAN MIGUEL DE CUYES,20126.079999999998,15
GOBIERNO AUTONOMO DESCENTRALIZADO PARROQUIAL RURAL SAN ISIDRO,20071.4,36
ESCUELA DE FORMACION DE POLICIAS CBOS. JOSE LUIS MEJIA SOLORZANO,20069.449999999997,7
ESMEVIAL EP - EMPRESA DE MOVILIDAD Y TRANSITO DEL CANTON ESMERALDAS,20004.83,48
GOBIERNO AUTONOMO DESCENTRALIZADO PARROQUIAL RURAL DE CARCABON,20000.0,1
GOBIERNO AUTONOMO DESCENTRALIZADO PARROQUIAL RURAL DE POMPEYA,19990.0,1
EMPRESA PUBLICA FERROCARRILES DEL ECUADOR FEEP,19900.0,1
GOBIERNO AUTONOMO DESCENTRALIZADO PARROQUIAL RURAL SIMON BOLIVAR,19895.21,15
GOBIERNO AUTONOMO DESCENTRALIZADO PARROQUIAL RURAL DE CARMEN DE PIJILI,19827.04,64
SECRETARIA EJECUTIVA DEL CONSEJO DE SEGURIDAD DEL CANTON DURAN,19819.0,1
GOBIERNO AUTONOMO DESCENTRALIZADO PARROQUIA RURAL GNAL. PEDRO J. MONTERO,19802.88,79
CUERPO DE BOMBEROS DEL CANTÓN PANGUA,19800.0,1
CASA DE LA CULTURA ECUATORIANA BENJAMIN CARRION NUCLEO DE ORELLANA,19765.86,9
HIDROMIRA CARCHI EP,19577.93,13
Consejo Cantonal de Salud Cuenca,19543.12,4
DIRECCION DISTRITAL 17D11 - MEJIA - RUMIÑAHUI - MAG,19438.34,48
CUERPO DE BOMBEROS DE GIRON,19411.06,12
GOBIERNO AUTONOMO DESCENTRALIZADO PARROQUIAL SAN JACINTO,19350.0,2
Empresa Publica de Agua Potable y Alcantarillado de Pujili,19343.2,47
GOBERNACION DE EL ORO,19183.11,44
EMPRESA PUBLICA DE AGUA POTABLE Y ALCANTARILLADO DE COLIMES EPAPA - COLI,18947.5,1
Gobernacion de Sucumbios,18897.48,64
GOBERNACION DE COTOPAXI,18844.4,67
GOBIERNO AUTONOMO DESCENTRALIZADO PARROQUIAL SALASAKA,18831.67,50
UNIDAD DE ACCION SOCIAL DE ATENCION A LOS GRUPOS VULNERABLES DEL GAD-MC,18810.0,1
CASA DE LA CULTURA ECUATORIANA BENJAMIN CARRION NUCLEO DE MORONA  SANTIAGO,18747.440000000002,15
GOBIERNO AUTONOMO DESENTRALIZADO RURAL PARROQUIAL DE SAN FRANCISCO DE SIGSIPAMBA,18623.2,4
GOBIERNO AUTONOMO DESCENTRALIZADO PARROQUIAL RURAL DE PANACOCHA,18411.0,1
BATALLON DE SELVA NRO. 63 GUALAQUIZA,18301.73,19
GOBIERNO AUTONOMO DESCENTRALIZADO PARROQUIAL RURAL DE JAMBELI,18266.5,46
GOBIERNO AUTONOMO DESCENTRALIZADO PARROQUIAL RURAL DE LA AVANZADA,18257.88,25
Cuerpo de Bomberos de Santa Lucia,18203.63,47
GOBERNACION DE LA PROVINCIA DE LOS RIOS,18164.27,5
GOBIERNO AUTONOMO DESCENTRALIZADO PARROQUIAL RURAL DE SAN ROQUE,18087.29,54
JUNTA PARROQUIAL DE SALINAS,17993.55,45
DIRECCION ZONAL 6 DEL MINISTERIO DE RELACIONES EXTERIORES Y MOVILIDAD HUMANA,17949.0,5
FEDERACION DEPORTIVA PROVINCIAL DE LOJA,17945.36,36
GOBIERNO AUTONOMO DESCENTRALIZADO PARROQUIAL DE GUANGAJE,17933.489999999998,4
Gobierno autónomo descentralizado parroquial rurral de el Ideal,17843.96,12
JUNTA PARROQUIAL DE BACHILLERO,17793.72,2
DIRECCION DISTRITAL 13D01-PORTOVIEJO-MAG,17635.149999999998,4
DIRECCION DISTRITAL 24D02 - LA LIBERTAD - SALINAS - MINISTERIO DE DESARROLLO HUMANO,17584.239999999998,4
GAD Parroquial de Bermejos,17573.800000000003,9
GOBIERNO AUTONOMO DESCENTRALIZADO PARROQUIAL RURAL DE CHUQUIRIBAMBA,17566.94,21
Cuerpo de Bomberos de Balao,17552.34,4
GOBIERNO AUTONOMO DESCENTRALIZADO PARROQUIAL RURAL PUELA,17494.22,3
GOBIERNO AUTONOMO DESCENTRALIZADO PARROQUIAL RURAL DE SAN MIGUELITO,17428.29,83
GOBIERNO AUTÓNOMO DESCENTRALIZADO PARROQUIAL RURAL PLAN PILOTO,17407.82,30
GOBIERNO AUTONOMO DESCENTRALIZADO PARROQUIAL RURAL DE BAQUERIZO MORENO,17382.260000000002,18
Registro de la Propiedad y Mercantil del Canton Pichincha,17340.0,1
GOBERNACION DE NAPO,17332.940000000002,37
CUERPO DE BOMBEROS DEL CANTON TISALEO,17315.559999999998,48
PATRONATO DE AMPARO SOCIAL NIÑO DE ISINCHE,17283.62,22
MBS-Cuerpo de Bomberos La Concordia,17181.16,6
GOBIERNO AUTONOMO DESCENTRALIZADO PARROQUIAL RURAL DE MEMBRILLO,17174.06,35
CUERPO DE BOMBEROS DEL CANTON CHAMBO,17037.64,18
Benemèrito Cuerpo de Bomberos del Cantòn Nangaritza,17025.33,35
DIRECCION DISTRITAL 08D01-ESMERALDAS-MAG,16970.85,13
JUNTA PARROQUIAL RURAL DE BALSAPAMBA,16906.95,1
GOBIERNO AUTONOMO DESCENTRALIZADO PARROQUIAL LA PROVIDENCIA,16889.13,43
EMPRESA MUNICIPAL REGIONAL DE AGUA POTABLE DE ARENILLAS Y HUAQUILLAS,16887.769999999997,49
GOBIERNO AUTONOMO DESCENTRALIZADO PARROQUIAL RURAL DE GUASUNTOS,16688.94,6
DIRECCION DISTRITAL 14D01-MORONA-MAG,16674.69,53
VICARIATO APOSTOLICO DE ESMERALDAS MISION COMBONIANA,16526.21,2
"COORDINACION ZONAL 9-ARCSA, DOCTOR LEOPOLDO IZQUIETA PEREZ",16461.15,47
EMPRESA PUBLICA DE ASEO DEL CANTON PLAYAS EMAPLAYAS E.P.,16236.789999999999,6
GOBIERNO AUTONOMO DESCENTRALIZADO PARROQUIAL DE SAN LUCAS,16130.31,54
GOBIERNO PARROQUIAL DE SAN JACINTO DE WAKAMBEIS,16126.14,22
Instituto de Estudios Historicos de la Policia Nacional,16108.8,11
GOBIERNO AUTONOMO DESCENTRALIZADO PARROQUIAL EL PARAISO DE CELEN,16054.25,28
CUERPO DE BOMBEROS DE CHUNCHI,16041.68,26
GOBIERNO AUTONOMO DESCENTRALIZADO PARROQUIAL RURAL DE CONCEPCION,16000.0,1
JUNTA PARROQUIAL DE BOLASPAMBA,16000.0,1
GOBIERNO AUTONOMO DESCENTRALIZADO PARROQUIA SAN ANTONIO,15979.73,15
DIRECCION DISTRITAL 10D01-IBARRA-PIMAMPIRO-SAN MIGUEL DE URCUQUI-MAG,15898.68,43
DIRECCION DISTRITAL 16D01 - PASTAZA A SANTA CLARA - MAG,15815.72,13
GOBIERNO AUTONOMO DESCENTRALIZADO RURAL DE LA PARROQUIA SAN JOSE DEL CAYAPAS,15800.0,1
EMPRESA PUBLICA MANCOMUNADA DEL TROPICO HUMEDO,15772.57,16
DIRECCION ZONAL 7 DEL MINISTERIO DE RELACIONES EXTERIORES Y MOVILIDAD HUMANA,15424.91,33
GOBIERNO AUTONOMO DESCENTRALIZADO PARROQUIAL RURAL JADAN,15331.01,32
ESTACION EXPERIMENTAL DEL AUSTRO,15288.84,39
Gobernación de la Provincia Santo Domingo,15205.04,85
CUERPO DE BOMBEROS MUNICIPAL DEL CANTON DURAN,15147.0,1
Fundacion Para el Desarrollo Social Martina Construyendo Esperanza,15111.83,31
Federacion Ecuatoriana de Karate Do,15075.0,1
GOBIERNO AUTONOMO DESCENTRALIZADO RURAL DE JUNQUILLAL,15000.0,1
CUERPO DE BOMBEROS DEL CANTÓN MERA,14997.9,32
FEDERACION DEPORTIVA PROVINCIAL DE TUNGURAHUA,14987.94,26
GOBIERNO AUTONOMO DESCENTRALIZADO DE LA PARROQUIA DE CASANGA,14970.26,1
GOBIERNO AUTONOMO DESCENTRALIZADO PARROQUIAL RURAL DE SANTIAGO DE PANANZA,14942.36,76
DIRECCIÓN PROVINCIAL DE SALUD DE MORONA SANTIAGO,14884.140000000001,21
CONSEJO NACIONAL ELECTORAL DELEGACION PROVINCIAL DEL CARCHI,14874.93,44
FEDERACION ECUATORIANA DE LEVANTAMIENTO DE PESAS,14857.04,30
CUERPO DE BOMBEROS DEL CANTON PAQUISHA,14849.36,1
DIRECCION DISTRITAL 17D11 - MEJIA - RUMIÑAHUI - MAGP,14830.0,1
Junta Parroquial de Pifo,14809.72,109
EMPRESA PUBLICA MUNICIPAL MANCOMUNADA DE ASEO INTEGRAL BOSQUE SECO,14635.3,1
GOBIERNO AUTONOMO DESCENTRALIZADO PARROQUIAL RURAL DE CHICAÑA,14568.98,1
GOBIERNO AUTONOMO DESCENTRALIZADO PARROQUIAL DE SACAPALCA,14446.67,19
GOBIERNO AUTONOMO DESCENTRALIZADO DE LA PARROQUIA VILCABAMBA,14357.39,52
CONSEJO CANTONAL DE PROTECCION DE DERECHOS,14346.43,70
FUNDACION COMUNIDAD FAMILIA Y NIÑO,14335.300000000001,13
DIRECCIÓN ZONAL 9 DEL MINISTERIO DE AMBIENTE Y AGUA,14227.119999999999,6
CONSEJO NACIONAL ELECTORAL DELEGACION PROVINCIAL GALAPAGOS,14217.39,5
COORDINACION ZONAL 7-ARCSA DOCTOR LEOPOLDO IZQUIETA PEREZ,14208.78,41
GOBIERNO AUTONOMO DESCENTRALIZADO PARROQUIAL RURAL LA ESMERALDA GADPR LA ESMERALDA,14175.419999999998,57
FUNDACION DE DESARROLLO SOCIAL DE EL ORO FUDESO,14054.96,30
GOBIERNO AUTONOMO DESCENTRALIZADO  PARROQUIAL RURRAL DE SIBAMBE,14040.210000000001,24
REGISTRO DE LA PROPIEDAD CANTON SHUSHUFINDI,14000.0,1
FUNDACION KILLKAY,14000.0,1
DIRECCION PROVINCIAL DE SALUD DE CARCHI,13946.83,2
JUNTA PARROQUIAL ANGEL PEDRO GILER,13853.68,1
CUERPO DE BOMBEROS DE TOSAGUA,13821.69,4
DIRECCION GENERAL DE INTERESES MARITIMOS,13764.62,13
Cuerpo de Bomberos del Cantòn Cañar,13740.31,1
GOBIERNO AUTONOMO DESCENTRALIZADO PARROQUIAL RURAL CASCOL,13590.26,5
Cuerpo de Bomberos del Canton Quero,13491.05,26
COORDINACION ZONAL 6 DE GESTION DE RIESGOS,13489.759999999998,14
Base Aerea Galapagos,13392.75,19
GOBIERNO AUTONOMO DESCENTRALIZADO PARROQUIAL RURAL DE MERCADILLO,13371.94,3
DIRECCIÓN DISTRITAL 22D02 - LORETO - ORELLANA -MAG,13260.990000000002,29
GOBIERNO AUTONOMO DESCENTRALIZADO PARROQUIA RURAL PIARTAL,13160.0,1
FIDEICOMISO DEL SEGURO DE DEPOSITOS DE LAS ENTIDADES DEL SECTOR FINANCIERO PRIVADO,13000.0,1
GOBIERNO AUTONOMO DESCENTRALIZADO PARROQUIAL RURAL DE JUAN GOMEZ RENDON PROGRESO,13000.0,1
GOBIERNO AUTONOMO DESCENTRALIZADO PARROQUIAL RURAL MULALO,12999.119999999999,45
GOBERNACION DE LA PROVINCIA DE LOJA,12956.44,26
Fideicomiso Rieles de Monay,12950.0,2
CASA DE LA CULTURA ECUATORIANA BENJAMIN CARRIÓN NUCLEO DE ZAMORA CHINCHIPE,12919.71,20
MANCOMUNIDAD DE INTEGRACION MUNICIPAL DE ZAMORA CHINCHIPE,12913.05,1
FUNDACION DE DESARROLLO SOCIAL SAN JUAN BAUTISTA,12892.46,27
CONSEJO CANTONAL PARA LA PROTECCION DE DERECHOS DE AMBATO,12852.01,24
Ala de Combate 31,12847.74,24
GOBIERNO AUTONOMO DESCENTRALIZADO DE LA PARROQUIA DE CONSTANTINO FERNANDEZ,12825.44,72
GOBIERNO AUTONOMO DESCENTRALIZADO PARROQUIAL RURAL DE PICAIHUA,12817.880000000001,85
JUNTA PARROQUIAL DE SUMAYPAMBA,12737.17,17
GOBIERNO AUTONOMO DESCENTRALIZADO PARROQUIAL RURAL DE GONZALEZ SUAREZ,12669.630000000001,99
Facultad de Arquitectura UCE,12625.55,28
PROYECTO DE RECONVERSION DE LA EDUCACION TECNICA Y TECNOLOGICA SUPERIOR PUBLICA DEL ECUADOR,12615.68,1
GOBIERNO AUTONOMO DESCENTRALIZADO PARROQUIAL RURAL DE COTALÓ,12571.01,26
"Casa dela Cultura Ecuatoriana, Nucleo de Loja",12500.0,2
Consejo Nacional de Salud,12445.61,29
Junta Parroquial Guale del Canton Pajan,12433.59,60
GOBIERNO AUTONOMO DESCENTRALIZADO PARROQUIAL RURAL DE SELVA ALEGRE,12431.34,1
DIRECCION DISTRITAL 20D01- SAN CRISTOBAL- SANTA CRUZ- ISABELA- MAG,12411.95,1
REGISTRO DE LA PROPIEDAD DEL CANTON SANTA ISABEL,12303.85,28
JUNTA PARROQUIAL DE TURUPAMBA,12229.45,1
CONSEJO NACIONAL PARA LA IGUALDAD DE PUEBLOS Y NACIONALIDADES,12199.0,1
GOBIERNO AUTONOMO DESECENTRALIZADO DE LA PARROQUIA DE CHIQUICHA,12190.64,31
GOBIERNO AUTONOMO DESCENTRALIZADO PARROQUIAL DE SAN GERARDO 0160034920001,12150.0,1
GOBIERNO AUTÓNOMO DESCENTRALIZADO PARROQUIAL RURAL DE PANZALEO,12104.87,50
GOBIERNO AUTONOMO DESCENTRALIZADO PARROQUIAL DE TUUTINENTZA,12091.24,1
JUNTA PARROQUIAL DE GARCIA MORENO,12089.220000000001,37
GOBIERNO AUTONOMO DESCENTRALIZADO PARROQUIAL RURAL LOS ANDES,12023.39,3
CONSEJO CANTONAL DE PROTECCIÓN INTEGRAL DE DERECHOS DEL CANTÓN PAUTE,11965.67,90
GOBIERNO AUTONOMO DESCENTRALIZADO PARROQUIAL RURAL DE CORDONCILLO,11900.66,1
COORDINACIÓN ZONAL 2-ARCSA DOCTOR LEOPOLDO IZQUIETA PÉREZ,11669.310000000001,24
FEDERACIÓN DEPORTIVA DEL CARCHI,11645.16,33
FEDERACION ECUATORIANA JUDO,11578.41,1
SUBZONA ORELLANA,11572.23,22
UNIDAD DE INVESTIGACIONES DE DELITOS ENERGETICOS E HIDROCARBURIFEROS,11519.4,1
GOBIERNO AUTONOMO DESCENTRALIZADO PARROQUIAL RURAL DE TOCACHI,11472.84,39
FISCALIA DE ORELLANA,11422.95,2
GOBIERNO AUTONOMO DESCENTRALIZADO PARROQUIAL RURAL DE CUBIJIES,11188.1,2
Registro de la Propiedad del Cantón Pedro Vicente Maldonado,11173.64,30
DIRECCIÓN DISTRITAL 15D01 - ARCHIDONA - CARLOS JULIO AROSEMENA TOLA - TENA - MAG,11114.09,26
EMPRESA PUBLICA CUERPO DE BOMBEROS DEL CANTÓN VALENCIA,11064.63,15
COORDINACION ZONAL 1 DE GESTION DE RIESGOS,10988.68,21
GOBIERNO AUTONOMO DESCENTRALIZADO PARROQUIAL RURAL DE JIMBURA,10915.32,1
DIRECCION GENERAL FINANCIERA,10851.21,39
Facultad de Ingenieria Quimica,10733.38,37
GOBIERNO AUTONOMO DESCENTRALIZADO PARROQUIAL RURAL  CAPSOL,10698.0,1
FEDERACION ECUATORIANA DE BUCEO Y ACTIVIDADES SUBACUATICAS,10647.77,23
Empresa Municipal de Agua potable y Alcantarillado Pedro Carbo-Empresa Publica,10578.85,4
EMPRESA PUBLICA ESCUELA DE CONDUCCION ESPOCH CONDUESPOCH EP,10454.119999999999,19
CONSEJO NACIONAL DE COMPETENCIAS,10388.54,20
Cuerpo de Bomberos de Biblián,10257.1,2
FONDO AMBIENTAL - MUNICIPIO DEL DISTRITO METROPOLITANO DE QUITO,10149.55,3
JUNTA PARROQUIAL DE SAN ISIDRO,10101.15,2
EP UNACH,10058.550000000001,3
GOBIERNO AUTONOMO DESCENTRALIZADO DE LA PARROQUIA YAMANA,9999.96,1
EMPRESA PUBLICA MUNICIPAL DE AGUA POTABLE Y ALCANTARILLADO DEL CANTON PICHINCHA,9959.54,3
FUNDACIO VIVIAN LUZURIAGA VASQUEZ  FUNVILUZ,9943.7,54
FUNDACION PADRE NELLO STORONI,9932.93,3
FUNDACION HAMUQ PACHA,9901.59,15
JUNTA PARROUIAL 6 DE JULIO DE CUELLAJE,9857.82,57
FUNDACION EVOLUCION,9791.1,1
"FACULTAD DE INGENIERIA EN GEOLOGIA, MINAS, PETROLEOS Y AMBIENTAL DE LA UNIVERSIDAD CENTRAL DEL ECUADOR",9773.98,60
REGISTRO MUNICIPAL DE LA PROPIEDAD DEL CANTON SUCUA,9702.45,42
"DIRECCION ZONAL 2 ESMERALDAS DEL MINISTERIO DEL AMBIENTE, AGUA Y TRANSICION ECOLOGICA",9604.109999999999,7
GOBERNACION PROVINCIAL DE MORONA SANTIAGO,9543.42,32
CONSEJO CANTONAL DE PROTECCION DE DERECHOS DEL CANTON SANTA ANA,9520.46,9
GOBIERNO AUTONOMO DESCENTRALIZADO PARROQUIAL RURAL DE PUNGALA,9488.16,10
DIRECCION DISTRITAL 01D01C01- CUENCA - CAÑARIBAMBA - AZUAY - MIT,9488.0,1
SUPERINTENDENCIA DE EL SALITRAL,9441.71,51
Registro Mercantil del cantón Babahoyo,9388.61,2
CONSEJO CANTONAL DE PROTECCION DE DERECHOS DE PENIPE,9273.67,91
Cuerpo de Bomberos de Putumayo,9233.78,44
GOBIERNO AUTONOMO DESCENTRALIZADO PARROQUIAL RURAL PILAHUIN,9230.61,28
JUNTA PARROQUIAL DE CHANTACO,9165.85,2
GOBIERNO AUTONOMO DESCENTRALIZADO PARROQUIAL SOLANO,9155.59,60
CUERPO DE BOMBEROS DEL CANTON MONTALVO,9097.63,49
Cuerpo de Bomberos del Cantón Espejo,9094.91,17
Fundacion Proyecto Don Bosco,9011.4,14
CUERPO DE BOMBEROS DE MACABELI,9009.8,32
"Coordinación Zonal 1del Registro Civil, Identificación y Cedulación",8944.01,3
Registro de la propiedad del cantón Paute,8935.62,15
Fideicomiso Fondo de Páramos de Tungurahua y Lucha contra la Pobreza,8910.25,40
CONSEJO CANTONAL DE PROTECCION DE DERECHOS DEL CANTON PUERTO QUITO,8900.0,1
CUERPO DE BOMBEROS DEL CANTON PALANDA,8880.26,119
COORDINACION ZONAL 1 - SENESCYT,8723.69,35
GOBIERNO AUTONOMO DESCENTRALIZADO PARROQUIAL RURAL DE BILBAO,8697.4,64
CUERPO DE BOMBEROS CEVALLOS,8544.15,41
Federaciòn Deportiva de Chimborazo,8529.24,26
PUESTO DE SALUD CHUNCHI,8397.5,30
REGISTRO DE LA PROPIEDAD DEL CANTON BALZAR,8389.89,7
Gobernacion de Imbabura,8177.79,56
"COORDINACION ZONAL 1 - ARCSA, DOCTOR LEOPOLDO IZQUIETA PEREZ",8137.55,8
DIRECCION DISTRITAL 07D04 BALSAS-MARCABELI-PIÑAS-EDUCACION,8129.5,80
DIRECCION DISTRITAL 06D01 CHAMBO RIOBAMBA MAG,8101.2,16
CONCEJO CANTONAL DE PROTECCION DE DERECHOS DE RUMIÑAHUI,8096.74,39
GOBIERNO AUTONOMO DESCENTRALIZADO PARROQUIAL RURAL OLMEDO PESILLO,8076.89,22
GOBIERNO AUTONOMO DESCENTRALIZADO PARROQUIAL RURAL DE OTON,7971.54,41
GOBIERNO AUTONOMO DESCENTRALIZADO PARROQUIAL RURAL DE ZHIDMAD,7865.36,23
FUNDACION ACCION SOCIAL CARITAS,7859.139999999999,38
COORDINACION ZONAL 6 - ARCSA DR. LEOPOLDO IZQUIETA PEREZ,7851.17,22
CUERPO DE BOMBEROS DE SAMBORONDON,7601.45,1
MANCOMUNIDAD ARENILLAS HUAQUILLAS,7541.16,8
DIRECCION DISTRITAL 20D01- SAN CRISTOBAL A ISABELA- MAG,7447.17,2
DIRECCION PROVINCIAL DE SALUD DE PASTAZA,7435.59,1
Cuerpo de Bomberos Balzar,7394.280000000001,27
CRUZ ROJA CANTONAL DE OTAVALO,7309.0,1
CUERPO DE BOMBEROS DEL CANTON CHILLANES,7305.64,44
CUERPO DE BOMBEROS DE JARAMIJO,7279.31,33
fundacion amor para la ninez fundamor,7259.9,1
DIRECCION DISTRITAL 18D06 - CEVALLOS A TISALEO - EDUCACION,7236.9,39
GOBIERNO AUTONOMO DESCENTRALIZADO PARROQUIAL RURAL DE LAS PAMPAS,7236.4400000000005,28
EMPRESA PUBLICA MUNICIPAL DE AGUA POTABLE ALCANTARILLADO Y SANEAMIENTO DE CUMANDA,7159.5,13
GOBIERNO AUTONOMO DESCENTRALIZADO PARROQUIAL RURAL DE ULBA ,7094.1,52
COORDINACION  ZONAL 7 SERVICIO INTEGRADO DE SEGURIDAD ECU 911,7048.54,62
FIDEICOMISO INVERSION HIPOTECARIA 1,7000.0,1
ASOCIACION DE VOLUNTARIAS DE LA CARIDAD SAN VICENTE DE PAUL,6954.0,1
CONSEJO CANTONAL DE PROTECCION INTEGRAL DE DERECHOS DE LOJA,6900.0,1
FIDEICOMISO DE FONDO DE SEGUROS PRIVADOS,6900.0,1
Empresa Publica Municipal de Agua Potable y Alcantarillado de Jama,6860.150000000001,46
CONSEJO CANTONAL PARA LA PROTECCION INTEGRAL DE DERECHOS DEL CANTON PEDRO MONCAYO,6680.46,81
VICARIATO APOSTÓLICO DE PUYO -MISIÓN DOMINCANA,6679.6,1
CASA DE LA CULTURA NUCLEO DE IMBABURA,6670.0,6
DIRECCION DISTRITAL 16D01 - PASTAZA - MERA - SANTA CLARA - MAG,6549.48,1
Registro de la Propiedad del Cantón La Troncal,6506.16,31
FEDERACION ECUATORIANA DE SQUASH,6488.11,9
FACULTAD DE CIENCIAS BIOLOGICAS,6477.99,57
FUNDACION CAMBIANDO VIDAS,6371.92,3
FUNDACIÓN PASO A PASO,6371.92,3
FUNDACION MANITOS DE ESPERANZA,6371.92,3
GOBIERNO AUTONOMO DESCENTRALIZADO PARROQUIAL RURAL SALINAS,6349.0,1
HOSPITAL BASICO 11 BCB GALAPAGOS,6137.67,8
COORDINACION ZONAL 5 -ARCSA DOCTOR LEOPOLDO IZQUIETA PEREZ,6098.92,6
CUERPO BOMBEROS MUNICIPAL DE MACARA,6090.1,42
GOBIERNO AUTONOMO DESCENTRALIZADO PARROQUIAL DE TUFIÑO,6088.11,2
Federacion Deportiva Provincial de Sucumbios,6032.57,2
GOBERNACION PROVINCIA DE SANTA ELENA,6029.12,41
PATRONATO PROVINCIAL DE TUNGURAHUA,5972.86,20
GOBIERNO AUTONOMO DESCENTRALIZADO  PARROQUIAL RURRAL DE PISTISHI,5940.0,1
FACULTAD DE ARTES DE LA UNIVERSIDAD CENTRAL DEL ECUADOR,5894.41,59
GOBIERNO AUTONOMO DESCENTRALIZADO PARROQUIAL RURAL YAGUACHI VIEJO CONE,5871.78,145
GOBIERNO AUTONOMO DESCENTRALIZADO RURAL SAN JUAN DE ILUMAN,5868.51,17
PATRONATO DE AMPARO SOCIAL DEL GOBIERNO AUTONOMO DESCENTRALIZADO MUNICIPAL DEL CANTON SALCEDO,5858.36,69
Cuerpo de Bomberos del Cantón Huamboya,5820.53,14
CUERPO DE BOMBEROS DEL GOBIERNO AUTONOMO DESCENTRALIZADO DEL CANTON PEDRO VICENTE MALDONADO,5782.06,34
FUNDACION PARA EL DESARROLLO INFANTIL,5760.12,23
GOBIERNO AUTONOMO DESCENTRALIZADO PARROQUIAL RURAL DE SAN VICENTE,5714.96,5
Consejo de Gobierno de Bienes Diocesanos Diócesis Portoviejo,5691.93,17
CONSEJO CANTONAL PARA LA PROTECCIÓN DE DERECHOS DEL CANTON DURAN,5652.9,20
GOBIERNO AUTONOMO DESCENTRALIZADO PARROQUIAL RURAL DE ATAHUALPA,5643.28,256
FEDERACION DEPORTIVA POLICIAL ECUATORIANA FEDEPOE,5632.21,31
CUERPO DE BOMBEROS DEL CANTON EL TAMBO,5591.93,48
COORDINACION ZONAL 5 DE GESTION DE RIESGOS,5566.4800000000005,15
Gobernacion de la Provincia de Orellana,5496.1,64
UTMACH EP EMPRESA PUBLICA DE PRODUCCION Y DESARROLLO ESTRATEGICO DE LA UNIVERSIDAD TECNICA DE MACHALA,5486.91,46
CUERPO DE BOMBEROS DE ECHEANDIA,5450.54,42
FACULTAD DE INGENIERIA Y CIENCIAS APLICADAS,5356.049999999999,23
Cuerpo de Bomberos Teniente Hugo Ortiz de Limón Indanza,5335.2,35
GOBIERNO AUTONOMO DESCENTRALIZADO PARROQUIAL RURAL DE CUNCHIBAMBA,5317.57,54
CUERPO DE BOMBEROS,5283.7,16
CONSEJO CANTONAL DE PROTECCIÓN INTEGRAL DE DERECHOS DE GUAYAQUIL,5175.25,6
DIRECCION DISTRITAL 13D02 - JARAMIJO - MANTA - MONTECRISTI - MINISTERIO DE DESARROLLO HUMANO,5152.16,39
CONSEJO CANTONAL DE PROTECCION DE DERECHOS DEL CANTON ANTONIO ANTE,5146.59,18
DIRECCION DISTRITAL 05D01-LATACUNGA-MAG,5123.93,17
CUERPO DE BOMBEROS DEL CANTON SAN JUAN BOSCO,5121.89,42
CONSEJO CANTONAL DE PROTECCION INTEGRAL DE DERECHOS DE NIÑEZ ADOLESCENCIA Y GRUPOS DE ATENCION PRIORITARIA DE SANTA CRUZ,5076.23,12
CENTRO DE SALUD B - QUEVEDO,5066.91,21
GOBIERNO AUTONOMO DESCENTRALIZADO PARROQUIAL RURAL LA MERCED DE BUENOS AIRES,5062.83,19
GOBIERNO AUTONOMO DECENTRALIZADO DE LA PARROQUIA BOLIVAR,5025.28,49
JUNTA PARROQUIAL DE PATRICIA PILAR,5012.17,93
SECRETARIA TECNICA ,4980.0,1
DIRECCION DISTRITAL 21D02-LAGO AGRIO-MAG,4904.08,2
"EMPRESA PUBLICA DE DESARROLLO, PRODUCCION E INVERSIONES DEL GUAYAS EP",4770.94,1
GOBIERNO AUTONOMO DESCENTRALIZADO PARROQUIAL DE ANGAMARCA,4730.07,5
JUNTA PARROQUIAL DE SAN FRANCISCO DE SAGEO,4723.780000000001,40
Junta Parroquial de Santa Rosa de Cuzubamba,4694.97,50
"CASA DE LA CULTURA ECUATORIANA ""BENJAMIN CARRION"" NUCLEO DE PASTAZA",4677.8,74
Cuerpo de Bomberos Pedro Carbo,4669.09,85
GOBIERNO AUTONOMO DESCENTRALIZADO PARROQUIAL RURAL DE AMBATILLO,4493.19,37
DIRECCION DISTRITAL 07D02-MACHALA-MAGP,4485.72,13
CONSEJO CANTONAL DE PROTECCION DE DERECHO DE LA TRONCAL,4457.219999999999,42
DIRECCIÓN DISTRITAL 19D01-YACUAMBI-ZAMORA-MINISTERIO DE DESARROLLO HUMANO,4446.0,2
GOBIERNO AUTONOMO DECENTRALIZADO PARROQUIAL RURAL QUISAPINCHA,4370.54,75
Gobierno Parroquial de Luz de América,4270.6,100
GOBIERNO AUTONOMO DESCENTRALIZADO DE LA PARROQUIA RURAL DE BELISARIO QUEVEDO,4259.5,23
GOBIERNO AUTONOMO DESCENTRALIZADO PARROQUIAL RURAL DE BILOVAN,4243.92,24
GOBIERNO AUTONOMO DESCENTRALIZADO PARROQUIAL RURAL DE HUERTAS,4242.91,21
DIRECCION DISTRITAL 16D01 - PASTAZA A SANTA CLARA - MAGP,4231.17,8
FUNDACION EDUCATIVA GERMINAR,4140.0,4
GOBIERNO AUTONOMO DESCENTRALIZADO DE LA PARROQUIA RURAL SOSOTE,4106.72,35
REGISTRO DE LA PROPIEDAD DE PUERTO QUITO RPPQ,4098.18,37
MANCOMUNIDAD DE GOBIERNOS AUTONOMOS PROVINCIALES DE LA AMAZONIA ECUATORIANA CONGA,4087.69,5
GOBIERNO AUTONOMO DESCENTRALIZADO PARROQUIAL RURAL RIO NEGRO,4053.3,46
GOBIERNO AUTONOMO DESCENTRALIZADO PARROQUIAL RURAL DE TOTORAS,4026.6800000000003,7
Cuerpo de BOmberos de Rocafuerte,4016.19,22
Registro Mercantil del Cantón Cuenca,4005.83,12
JUNTA PARROQUIAL LUIS GALARZA ORELLANA DELEGSOL,4000.0,1
DIRECCION ZONAL 4 MANABI DEL MINISTERIO DEL AMBIENTE AGUA Y TRANSICION ECOLOGICA,3956.2500000000005,11
GOBIERNO AUTONOMO DESCENTRALIZADO PARROQUIAL RURAL JACINTO JIJON Y CAAMAÑO,3948.19,3
EMPRESA PUBLICA MUNICIPAL DE FAENAMIENTO Y PRODUCTOS CARNICOS DE IBARRA,3904.39,44
GOBERNACION DE LA PROVINCIA BOLIVAR,3895.54,42
"COORDINACION ZONAL 4 ARCSA, DOCTOR LEOPOLDO IZQUIETA PEREZ",3880.21,31
"DIRECCION ZONAL 10 ZAMORA CHINCHIPE DEL MINISTERIO DEL AMBIENTE, AGUA Y TRANSICION ECOLOGICA",3879.11,12
JUNTA PARROQUIAL DE IMBAYA,3832.7,15
GOBERNACION DEL AZUAY,3776.88,25
GOBIERNO AUTONOMO DESCENTRALIZADO PARROQUIAL RURAL DE PILALO,3743.55,2
REGISTRO DE LA PROPIEDAD DEL CANTON SUCRE,3732.8199999999997,82
GOBIERNO AUTONOMO DESCENTRALIZADO PARROQUIAL RURAL DE PILAHUIN,3689.55,39
Cuerpo de Bomberos del Canton Chinchipe,3662.54,9
JUNTA PARROQUIAL DE SAN ANTONIO,3638.84,15
GOBIERNO AUTONOMO DESCENTRALIZADO PARROQUIAL RURAL DE PEÑAHERRERA,3624.1400000000003,10
GOBIERNO AUTONOMO DESCENTRALIZADO PARROQUIAL RURAL MULALILLO,3575.03,57
DIRECCION DE INVESTIGACION,3556.2799999999997,21
CONSEJO CANTONAL DE SEGURIDAD CIUDADANA DE GUALACEO,3541.14,9
FUNDACION SEMBRANDO ESPERANZA,3530.5,1
GOBIERNO AUTONOMO DESCENTRALIZADO PARROQUIAL RURAL DE SAN GERARDO,3523.92,42
CASA DE LA CULTURA ECUATORIANA BENJAMIN CARRION NUCLEO SUCUMBIOS,3460.52,52
FUNDACIÓN MAKI WAMBRAKUNA,3441.17,2
GOBERNACION DE LA PROVINCIA DEL CAÑAR,3405.93,8
GOBIERNO AUTONOMO DESCENTRALIZADO PARROQUIAL DE SANTA MARIANITA DE JESUS,3349.05,46
DIRECCION DISTRITAL 19D01-YACUAMBI-ZAMORA-MAG,3331.59,20
casa de la cultura benjamin carrion nucleo de napo,3317.35,35
CONSEJO CANTONAL PARA LA PROTECCIÓN DE DERECHOS DE GUACHAPALA,3308.55,5
GOBIERNO AUTÓNOMO DESCENTRALIZADO PARROQUIAL RURAL LA ESPERANZA,3307.7799999999997,82
Fundación Mejorando Vidas,3286.04,18
CORPORACION SISTEMA DE INVESTIGACION SOBRE LA PROBLEMATICA AGRARIA EN EL ECUADOR,3279.19,17
Fundación Manos Que Dan Luz MANDALUZ,3271.46,22
CONSEJO NACIONAL DE GOBIERNOS PARROQUIALES RURALES DEL ECUADOR CAÑAR,3233.1299999999997,18
CONSEJO CANTONAL PARA LA PROTECCION DE DERECHOS DEL CANTON MEJIA,3219.92,11
FIDEICOMISO DE TRANSFERENCIA DE SUBSIDIOS SEGMENTO DOS B,3200.0,1
UNIVERSIDAD CENTRAL DEL ECUADOR-HOSPITAL DEL DIA,3193.12,36
"FUNDACION ""KIMI"" MANOS QUE DAN RECIBEN",3185.96,3
CONCEJO CANTONAL PARA LA PROTECCION DE DERECHOS DE PORTOVIEJO,3153.9100000000003,10
DIRECCIÓN DISTRITAL 17D09 - PARROQUIAS RURALES TUMBACO A TABABELA - MAG,3115.35,1
Cuerpo de Bomberos de Portovelo,3071.73,46
Registro Mercantil del Cantón Loja,3055.79,2
CONSEJO DE SEGURIDAD CIUDADANA DEL CATÓN COLTA,3039.1099999999997,37
CONSEJO CANTONAL DE PROTECCION DE DERECHOS DE CARLOS JULIO AROSEMENA TOLA,3015.7400000000002,24
GOBIERNO AUTONOMO DESCENTRALIZADO PARROQUIAL RURAL DE TARIFA,3004.11,29
GOBIERNO AUTONOMO DESCENTRALIZADO PARROQUIAL RURAL DE MALVAS,3000.0,1
GOBIERNO AUTONOMO DESCENTRALIZADO PARROQUIAL RURAL LA ESPERANZA,2985.88,66
CUERPO DE BOMBEROS MUNICIPAL DEL CANTON SANTA ROSA,2939.06,15
Consejo Cantonal de Protección de Derechos de Buena Fe,2891.06,6
CONSORCIO PARA LA GESTION DEL GEOPARQUE VOLCAN TUNGURAHUA,2869.09,18
CONAGOPARE COTOPAXI,2788.77,44
Federacion Ecuatoriana de Deportes para personas con Discapacidad Intelectual (FEDEDI),2760.36,46
GOBERNACION DE ZAMORA CHINCHIPE,2732.28,18
GOBIERNO AUTONOMO DESCENTRALIZADO PARROQUIAL RURAL DE SARACAY,2704.04,27
FIDEICOMISO BIESS CASA CALERO,2700.0,1
DIRECCION DISTRITAL 12D01-BABA-BABAHOYO-MONTALVO-MAG,2696.15,22
GOBIERNO AUTONOMO DESCENTRALIZADO PARROQUIAL RURAL DE GARCIA MORENO,2670.21,20
CUERPO DE BOMBEROS DEL CANTÓN ESPÍNDOLA,2650.64,31
COORDINACION ZONAL 4 DE REGISTRO CIVIL IDENTIFICACION Y CEDULACION,2644.74,1
ORQUESTA SINFONICA DE GUAYAQUIL,2638.18,23
CUERPO DE BOMBEROS DEL CANTON ZAPOTILLO,2628.84,22
GOBIERNO AUTONOMO DESCENTRALIZADO PARROQUIAL RURAL DE VACAS GALINDO,2612.43,41
REGISTRO MERCANTIL DEL CANTON RIOBAMBA,2590.19,1
CONSEJO CANTONAL DE PROTECCION DE DERECHOS DE LAS NAVES,2569.79,2
CONSEJO CANTONAL DE PROTECCION DE DERECHOS DE ALAUSI,2558.89,17
"COORDINACION ZONAL 3 DE REGISTRO CIVIL, IDENTIFICACION Y CEDULACION",2556.16,1
"DIRECCION ZONAL 1 IMBABURA DEL MINISTERIO DEL AMBIENTE, AGUA Y TRANSICION ECOLOGICA",2500.69,14
"FUNDACION AFROECUATORIANA PROTECCION, IDENTIDAD, PARTICIPACION, AFECTO Y LIBERTAD P.I.P.A.L",2484.0,5
GOBIERNO AUTONOMO DESCENTRALIZADO DE LA PARROQUIA RURAL DE TELIMBELA,2479.6,21
GOBIERNO AUTÓNOMO DESCENTRALIZADO PARROQUIAL RURAL MARIANO ACOSTA,2478.19,9
Gobierno Autonomo Descentralizado Parroquial San Jose de Ayora,2468.91,4
CUERPO DE BOMBEROS DE CARIAMANGA-CALVAS,2452.53,48
EMPRESA PUBLICA PROVINCIAL RADIO CULTURAL IDENTIDAD EP,2426.85,16
GOBIERNO AUTONOMO DESCENTRALIZADO PARROQUIAL RURAL SAN JOSE DE ANCON,2410.52,116
CUERPO DE BOMBEROS PABLO SEXTO N1 KAKARAM,2398.9399999999996,6
CONSEJO CANTONAL DE PROTECCION DE DERECHOS DE QUININDE,2382.89,42
EMPRESA PUBLICA CORREOS DEL ECUADOR CDE E.P. EN LIQUIDACION,2375.9900000000002,21
COMPANIA DE ECONOMIA MIXTA YAHUARCOCHA,2368.37,20
GOBIERNO AUTONOMO DESCENTRALIZADO PARROQUIA RURAL DE PIOTER,2353.69,43
FUNDACION SUYAY ÑAN,2348.99,3
FUNDACIÓN SOCIAL BANANITO AMIGO Y ALGO MÁS,2348.99,3
CUERPO DE BOMBEROS DEL CANTON BOLIVAR,2294.04,24
Registro Mercantil Santo Domingo,2289.8700000000003,5
CONSEJO NACIONAL DE GOBIERNOS PARROQUIALES RURALES DEL ECUADOR ZAMORA CHINCHIPE,2273.48,39
Empresa Pública de Mercado y Camal Santa Rosa,2238.74,15
CONAGOPARE - GUAYAS,2235.02,40
CONSEJO CANTONAL DE PROTECCION DE DERECHOS DE VALENCIA,2231.35,44
GOBIERNO AUTONOMO DESCENTRALIZADO PARROQUIA RURAL DE  CHITAN DE NAVARRETES,2209.14,67
Federacion Deportiva Provincial de Zamora Chinchipe,2203.74,20
DIRECCION DISTRITAL 15D01 - ARCHIDONA A TENA - MAG,2186.52,16
GOBIERNO AUTONOMO DESCENTRALIZADO PARROQUIAL RURAL ATAHUALPA ,2173.95,44
FEDERACION DEPORTIVA PROVINCIAL DE LOS RIOS,2169.62,37
GOBIERNO AUTONOMO DESCENTRALIZADO PARROQUIAL RURAL DE YANAYACU,2151.4399999999996,34
"batallon de infanteria #19 ""carchi""",2132.86,13
GOBIERNO AUTONOMO DESCENTRALIZADO PARROQUIAL RURAL DE IMANTAG,2106.79,9
JUNTA PARROQUIAL DEL GOALTAL,2105.76,57
GOBIERNO AUTONOMO DESCENTRALIZADO PARROQUIAL RURAL DE LOS ANDES,2070.63,35
FUNDACIÓN DOROTEA CARRIÓN,2070.0,3
FUNDACION DE AYUDA SOCIAL VIRGEN DEL QUINCHE,2070.0,2
CONSEJO NACIONAL DE GOBIERNOS PARROQUIALES RURALES DEL ECUADOR - ESMERALDAS,2061.96,59
OFICINA TECNICA MIDUVI ORELLANA,2051.46,20
Cuerpo de Bomberos San Vicente,2039.9499999999998,30
Comité Paralimpico Ecuatoriano,2038.9,41
OFICINA TECNICA Y DE PRESTACION DE SERVICIOS LOS RIOS,2007.2,13
Junta Parroquial San Vicente,1998.3,5
CUERPO DE BOMBEROS CHAGUARPAMBA,1979.24,8
CONSEJO NACIONAL DE GOBIERNOS PARROQUIALES RURALES DEL ECUADOR DE TUNGURAHUA,1979.18,35
COMPAÑIA DE ECONOMIA MIXTA LACTJUBONES,1950.0,1
GOBIERNO AUTONOMO DESCENTRALIZADO PARROQUIA RURAL JUAN MONTALVO,1933.08,17
CUERPO DE BOMBEROS DE PALLATANGA,1932.06,29
Casa de Montalvo,1893.82,40
Municipio de Pucara,1853.58,1
OFICINA TECNICA MIDUVI GUAYAS,1845.8600000000001,17
COORDINACION ZONAL 7 DE GESTION DE RIESGOS,1833.44,7
Cuerpo de Bomberos de Quinsaloma,1821.74,2
Federacion Deportiva Provincial de Ligas barriales y Parroquiales de Napo,1791.07,1
FIDEICOMISO DE INVERSION Y ADMINISTRACION DEL IESS PARA EL DESARROLLO DEL MERCADO INMOBILIARIO,1790.0,1
CUERPO DE BOMBEROS DEL CANTON GUACHAPALA,1785.95,2
Mancomunidad de los Gobiernos Autónomos Descentralizados Municipales de la Provincia de Morona Santiago,1784.08,5
Registro Municipal de la Propiedad del Cantón Girón,1755.24,42
DIRECCION DISTRITAL 04D01-SAN PEDRO DE HUACA-TULCAN-MAGP,1753.1599999999999,19
FUNDACION PROYECTO SALESIANO GUAYAQUIL,1751.01,18
OFICINA TECNICA MIDUVI TUNGURAHUA,1746.8,11
GOBERNACION DEL CARCHI,1714.23,5
CASA DE LA CULTURA ECUATORIANA BENJAMIN CARRION NUCLEO DEL CANAR,1706.8,18
CONCEJO NACIONAL DE GOBIERNOS PARROQUIALES RURALES DEL ECUADOR - MANABI,1684.23,55
CONSEJO CANTONAL DE PROTECCION DE DERECHOS DE GUAMOTE,1671.1599999999999,2
Cuerpo de Bomberos de Déleg,1646.73,40
Gobierno Autónomo Parroquial de Nueva Tarqui,1644.74,12
CONSEJO CANTONAL PARA LA PROTECCIÓN DE DERECHOS DE LA CONCORDIA,1632.23,13
Orquesta Sinfónica de Cuenca,1629.79,43
Gobernacion Pastaza,1604.03,33
GOBIERNO AUTONOMO DESCENTRALIZADO PARROQUIAL RURAL SAN ANTONIO DE BAYUSHIG,1603.05,50
Empresa Municipal del Mini Terminal Terrestre de la ciudad de Bahía de Caráquez EMTTBC EP,1602.0,8
GOBIERNO AUTONOMO DESCENTRALIZADO PARROQUIAL RURAL DE ANTONIO JOSE HOLGUIN,1595.35,20
CONSEJO NACIONAL PARA LA IGUALDAD DE MOVILIDAD HUMANA,1583.7,44
CONSEJO CANTONAL DE PROTECCION DE DERECHOS DEL CANTON PEDRO CARBO,1562.97,16
ASOCIACION PRO SUPERACION DE LA PERSONA CON PARALISIS CEREBRAL DEL AZUAY,1552.5,2
Fundacion de Personas Discapacitadas San Jose de Huambaló,1552.5,4
DIRECCIÓN DISTRITAL 07D02-MACHALA-MAG,1528.79,7
GOBIERNO AUTONOMO DESCENTRALIZADO PARROQUIAL DE PINDILIG,1526.51,26
GOBIERNO AUTONOMO DESCENTRALIZADO PARROQUIAL RURAL  DE MILAGRO,1526.39,29
GOBIERNO AUTONOMO DESCENTRALIZADO PARROQUIAL RURAL DE ANGEL PEDRO GILER,1525.18,1
GOBERNACION DE CHIMBORAZO,1492.3,7
GOBIERNO AUTONOMO DESCENTRALIZADO PARROQUIAL RURAL EL ARENAL,1491.8,29
BANCO DE DESARROLLO DEL ECUADOR B.P. SUCURSAL ZONAL NORTE,1484.8999999999999,2
GOBIERNO AUTONOMO DESCENTRALIZADO PARROQUIAL RURAL DE SAN VICENTE DE PUSIR,1477.63,12
CONSEJO CANTONAL DE PROTECCION DE DERECHOS DEL CANTON QUIJOS,1464.92,28
LIGA DEPORTIVA CANTONAL DE PUJILI,1444.74,22
ASOCIACION AGRICOLA GANADERA RIO DAULE,1406.45,1
DIRECCION DISTRITAL 04D01-SAN PEDRO DE HUACA-TULCAN-MAG,1399.8899999999999,12
FUNDACION MI BELEN,1394.95,2
FUNDACION J.ABES MISION CRISTIANA INTERNACIONAL,1390.99,21
CUERPO DE BOMBEROS DEL CANTÓN GONZANAMÁ,1364.22,11
CONSEJO NACIONAL DE GOBIERNOS PARROQUIALES RURALES DEL ECUADOR LOS RIOS,1349.76,3
EMPRESA PÚBLICA DE DESARROLLO PRODUCTIVO Y COMPETITIVIDAD EMPUDEPRO-TENA EP,1336.79,12
CONSEJO CANTONAL DE PROTECCION DE DERECHOS DEL CANTON NOBOL,1331.7,1
Junta Parroquial San Antonio,1329.28,2
INSTITUTO SUPERIOR TECNOLOGICO DE ARTES DEL ECUADOR,1323.99,3
GOBIERNO AUTONOMO DESCENTRALIZADO PARROQUIAL RURAL DE LA MAGDALENA,1319.34,15
CASA DE LA CULTURA ECUATORIANA NUCLEO PROVINCIAL DE SANTA ELENA,1295.77,41
GOBIERNO AUTONOMO DESCENTRALIZADO PARROQUIAL RURAL DE TORATA,1270.27,46
Gobierno Parroquial de Guayquichuma,1257.3799999999999,21
GOBIERNO AUTONOMO DESCENTRALIZADO PARROQUIA RURAL DE SANTA MARTHA DE CUBA,1255.88,40
CONSEJO CANTONAL DE PROTECCION DE DERECHOS DE AZOGUES,1247.44,28
ASOCIACION DE AGRICULTORES LOS LOJAS ASOAGRILO,1207.5,1
GOBIERNO AUTONOMO DESCENTRALIZADO PARROQUIAL RURAL LA CUCA,1204.97,43
EMPRESA PUBLICA MUNICIPAL DE AGUA POTABLE Y ALCANTARILLADO DE LA CIUDAD DE CHUNCHI,1185.52,14
Empresa Publica de Produccion y Desarrollo Estrategico de la Universidad Tecnica Estatal de Quevedo,1181.78,18
GOBIERNO AUTONOMO DESCENTRALIZADO PARROQUIAL DE YANGANA,1172.25,113
EMPRESA PÚBLICA DE TRÁNSITO TRANSPORTE TERRESTRE Y SEGURIDAD VIAL DEL CANTÓN ESMERALDAS ESMEVIAL EP,1172.08,1
juntaparroquialsalango,1161.8500000000001,12
"BATALLON DE INFANTERIA NRO 20 ""CAPITAN DIAZ""",1154.49,11
GOBIERNO AUTÓNOMO DESCENTRALIZADO PARROQUIAL DE SANTA SUSANA DE CHIVIAZA,1146.97,50
GOBIERNO AUTONOMO DESCENTRALIZADO PARROQUIAL COCHAPATA,1135.3799999999999,44
GOBIERNO AUTONOMO DESCENTRALIZADO PARROQUIAL RURAL DE MULTITUD,1124.29,42
EMPRESA PUBLICA DE AGUA Y ALCANTARILLADO,1109.8400000000001,2
GOBIERNO AUTONOMO DESCENTRALIZADO PARROQUIAL RURAL DE  RIO VERDE,1109.77,5
CUERPO DE BOMBEROS OLMEDO,1095.79,7
IKIAM E.P.,1094.29,18
REGISTRO MERCANTIL DEL CANTON IBARRA,1091.86,1
EMPRESA PUBLICA MUNICIPAL AGROPECUARIA TAISHA,1085.18,22
DIRECCION DISTRITAL 03D01-AZOGUES A DELEG-MAGP,1063.35,35
"FIDEICOMISO DE INVERSION, ADMINISTRACION, GARANTIA Y PAGO PROYECTO TOACHI PILATON",1050.0,1
MANCOMUNIDAD PARA LA PRESTACIÓN DEL SERVICIO DE AGUA POTABLE DE LOS GOBIERNOS AUTÓNOMOS DESCENTRALIZADOS MUNICIPALES DE,1043.89,27
CUERPO DE BOMBEROS DEL CANTÓN LOGROÑO,1042.3,36
CONSEJO DE GOBIERNOS PARROQUIALES RURALES DEL ECUADOR  IMBABURA,1039.78,37
ASOCIACION SOLIDARIDAD Y ACCION ASA,1031.73,16
Escuela de Formacion de Policias Sgop Jose Emilio Castillo Solis,1014.72,14
CONSEJO CANTONAL DE PROTECCION DE DERECHOS DEL CANTON PEDRO VICENTE MALDONADO,1001.7900000000001,9
FIDEICOMISO DE INVERSION Y ADMINISTRACION DE FLUJOS Y PAGOS - PROYECTO TERMOELECTRICO FASE II - CELEC EP,1000.0,1
CONSEJO CANTONAL DE PROTECCION DE DERECHOS DEL CANTON ECHEANDIA,989.0,1
CONSEJO CANTONAL DE PROTECCION DE DERECHOS DEL CANTON MERA,985.62,30
Federacion Ecuatoriana de Fisicoculturismo y Potencia,985.32,2
CONAGOPARE PDSDLTS,976.27,10
CUERPO DE BOMBEROS DEL CANTON MOCHA,974.05,2
cuerpobomberosdelcantonpindal,961.4399999999999,39
ASOCIACION DE TRABAJADORES AGRICOLAS AUTONOMOS 3 DE DICIEMBRE,960.02,1
GOBIERNO AUTONOMO DESCENTRALIZADO DE RAMON CAMPAÑA,951.96,14
Fideicomiso BIESS-La Playa,950.0,1
GOBIERNO AUTONOMO DESCENTRALIZADO PARROQUIAL RURAL DE HUIGRA,943.15,24
PARQUE INDUSTRIAL IMBABURA S.A.,934.61,1
"EMPRESA PUBLICA MUNICIPAL DE AGUA POTABLE Y ALCANTARILLADO DE PALORA ""EPMAPA-PAL""",924.02,22
OFICINA TECNICA MIDUVI IMBABURA,921.99,4
GOBIERNO AUTONOMO DESCENTRALIZADO PARROQUIAL RURAL DE SAN PEDRO DE VILCABAMBA,914.53,31
CONSEJO DE PROTECCIÓN INTEGRAL DE DERECHOS CAYAMBE,906.0699999999999,17
CONAGOPARE EL ORO,892.89,6
CONSEJO CANTONAL DE PROTECCION DE DERECHOS PARA GRUPOS DE ATENCION PRIORITARIA DEL CANTON MORONA,885.56,24
EMPRESA PUBLICA MUNICIPAL DE AGUA POTABLE Y ALCANTARILLADO DE PEDRO VICENTE MALDONADO EPMAPA - PVM EN LIQUIDACION,877.11,7
LIGA DEPORTIVA CANTONAL DE QUEVEDO,873.41,6
Instituto de Fomento a la Creatividad y la Innovación,870.93,16
ESCUELA DE FORMACION POLICIAL CBOS. FABIAN ALBERTO ARMIJOS JIMENEZ,867.4,33
CONSEJO CANTONAL DE PROTECION DE DERECHOS DE LOS CIUDADANOS DEL CANTON SHUSHUFINDI,861.2099999999999,40
Registro de la Propiedad y Mercantil del Canton Pedro Moncayo,853.73,23
FUERTE MILITAR GUALAQUIZA,852.89,21
Cuerpo de Bomberos del Cantón  El Triunfo,845.84,12
GOBIERNO AUTONOMO DESCENTRALIZADO PARROQUIAL RURAL DE EMILIO MARIA TERAN,842.15,47
GOBIERNO AUTONOMO DESCENTRALIZADO DE LA PARROQUIA RURAL DE QUIROGA,840.3,21
CUERPO DE BOMBEROS DE JUNIN,834.94,8
Junta Parroquial Salvias,827.63,32
EMPRESA PUBLICA MUNICIPAL DE VIVIENDA DE SAMBORONDON EP,824.53,12
SECRETARÍA TÉCNICA DEL COMITÉ DE COORDINACIÓN DE LA FUNCIÓN DE TRANSPARENCIA Y CONTROL SOCIAL,803.39,1
CONSEJO CANTONAL PARA LA PROTECCIÓN DE DERECHOS DEL CANTÓN SAN CRISTÓBAL DE PATATE,801.71,25
GOBIERNO AUTONOMO DESCENTRALIZADO PARROQUIAL RURAL DE EL CARMELO,788.24,32
GOBERNACION DE TUNGURAHUA,782.99,6
OFICINA TECNICA MIDUVI LOJA,771.19,2
Casa de la Cultura Ecuatoriana Benjamín Carrión Santo Domingo de los Tsáchilas,769.64,29
CUERPO DE BOMBEROS MUNICIPAL DEL CANTON URDANETA,755.44,33
FIDEICOMISO FONDO DE CAPITAL DE RIESGO,750.0,1
junta parroquial 27 de abril,748.52,43
GOBIERNO AUTONOMO DESCENTRALIZADO PARROQUIAL RURAL DE MINDO,740.09,24
Cuerpo de Bomberos de Jipijapa,730.4200000000001,5
FEDERACION ECUATORIANA DE VELA-FEVELA,709.9300000000001,29
Cuerpo de Bomberos Cantón Sucumbíos Ciudad la Bonita,699.29,1
FIDEICOMISO BIESS-SEDE SOCIAL,690.0,1
OFICINA TECNICA MIDUVI CAÑAR,686.6800000000001,27
COORDINACION ZONAL 3 DE GESTION DE RIESGOS,683.0999999999999,2
CONSORCIO PARA LA GESTION AMBIENTAL DEL AREA ECOLOGICA DE DESARROLLO SOSTENIBLE PROVINCIALDEPASTAZA,681.44,33
OFICINA TECNICA MIDUVI AZUAY,668.84,1
CUERPO DE BOMBEROS DEL CANTÓN MIRA,659.97,39
Fundación para personas del sector vulnerable San Pedro de Pelileo,646.88,1
GOBIERNO AUTONOMO DESCENTRALIZADO PARROQUIAL RURAL DE REGULO DE MORA,646.02,22
CONSEJO NACIONAL DE GOBIERNOS PARROQUIALES RURALES DEL ECUADOR - LOJA,641.4300000000001,7
REGISTRO DE LA PROPIEDAD DEL CANTÓN VINCES,630.97,18
OFICINA TÉCNICA MIDUVI NAPO,625.91,45
REGISTRO DE LA PROPIEDAD DEL CANTON SAN JACINTO DE YAGUACHI,610.0,2
GOBIERNO PARROQUIAL DE NOBOA,607.5600000000001,37
CONAGOPARE MORONA SANTIAGO,599.39,14
GOBERNACION DE ESMERALDAS,582.36,1
OFICINA TÉCNICA MIDUVI PICHINCHA,581.9399999999999,4
Consejo Cantonal de Protección de Derechos Del Cantón Naranjal,579.01,15
DIRECCION DISTRITAL 02D01-GUARANDA-MAG,576.36,3
CUERPO DE BOMBEROS DEL CANTON YACUAMBI,572.49,20
Federacion Ecuatoriana de Voleibol,562.59,23
CONSEJO CANTONAL DE PROTECCIÓN DE DERECHOS DEL CANTÓN SANTIAGO DE QUERO,554.74,3
CONSEJO NACIONAL DE GOBIERNOS PARROQUIALES RURALES DEL ECUADOR-ORELLANA,552.28,42
FUNDACION AYUDEMOS A VIVIR,543.38,2
GOBIERNO AUTONOMO DESCENTRALIZADO PARROQUIAL RURAL DE SAN SEBASTIAN,529.92,2
COORDINACION ZONAL 4 - DEPORTE,512.15,19
REGISTRO  DE LA PROPIEDAD DEL CANTÓN PIMAMPIRO,501.66999999999996,22
OFICINA TECNICA MIDUVI BOLIVAR,501.01,5
OFICINA TECNICA MIDUVI MANABI,487.1,4
Liga Deportiva Cantonal Otavalo,483.13,27
EMPRESA PUBLICA VIAL Y CONSTRUCCIONES E.P. DEL GOBIERNO AUTONOMO DESCENTRALIZADO MUNICIPAL DEL CANTON SIMON BOLIVAR,476.22,15
GOBIERNO AUTONOMO DESCENTRALIZADO PARROQUIAL DE LAS NIEVES,473.08,23
REGISTRO MERCANTIL DEL CANTON ESMERALDAS,471.42,40
Cuerpo de Bomberos De Colimes,470.62,24
Cuerpo de Bomberos del Cantón Sozoranga,469.12,2
GOBIERNO AUTONOMO DESCENTRALIZADO PARROQUIAL RURAL EL INGENIO,468.62,17
Registro de la Propiedad del Canton Mira,466.03999999999996,24
GOBIERNO AUTONOMO DESCENTRALIZADO PARROQUIAL RURAL DE CRUZPAMBA,464.18,49
Junta Parroquial Arq. Sixto Duran Ballen,451.33,13
Miduvi Morona Santiago,451.07000000000005,8
COMUNIDAD EL BARRIO O LA TOGLLA,445.95000000000005,12
DIRECCION DISTRITAL 24D01- SANTA ELENA - MAG,440.15000000000003,5
CUERPO DE BOMBEROS RAMON ZAMBRANO REZAVALA DEL CANTON PICHINCHA,425.22,1
"FUNDACION ""SANTAFE"" PARA EL DESARROLLO INTEGRAL-FUNSADI",417.67,13
FEDERACION PROVINCIAL DE LIGAS DEPORTIVAS BARRIALES Y PARROQUIALES DEL CARCHI,413.21,39
CONSEJO CANTONAL DE PROTECCION DE DERECHOS DEL CANTON COLIMES,408.71999999999997,34
GOBIERNO AUTONOMO DESCENTRALIZADO DE LA PARROQUIA RURAL HONORATO VASQUEZ,397.08,5
CONSEJO CANTONAL PARA LA PROTECCION DE LOS DERECHOS EN EL CANTON LA JOYA DE LOS SACHAS,394.04,13
EMPRESA PUBLICA MUNICIPAL DE URBANIZACION Y VIVIENDA DE INTERES SOCIAL EMUVISP-EP,387.48,10
JUNTA PARROQUIAL DE APUELA,371.79,10
GOBIERNO AUTONOMO DESCENTRALIZADO PARROQUIAL RURAL DE MOROMORO,368.14,12
CONSEJO NACIONAL DE GOBIERNOS PARROQUIALES RURALES DEL ECUADOR CONAGOPARE - CARCHI,354.6,14
CONSEJO NACIONAL ELECTORAL DELEGACION PROVINCIAL SUCUMBIOS,352.77,4
ADMINISTRADORA DE FONDOS ADMUNIFONDOS (ADMINISTRADORA MUNICIPAL DE FONDOS Y FIDEICOMISOS),351.5,8
CUERPO DE BOMBEROS DE LOMAS DE SARGENTILLO,348.28,20
Fundación Intergeneracional Vida FIV,348.1,11
CONSEJO CANTONAL DE PROTECCION DE DERECHOS DE MANTA,345.72,1
GOBIERNO AUTONOMO DESCENTRALIZADO PARROQUIAL RURAL DE MULUNCAY,338.59999999999997,5
OFICINA TÉCNICA MIDUVI COTOPAXI,333.11,6
PATRONATO DE AMPARO SOCIAL DEL GOBIERNO AUTONOMO DESCENTRALIZADO MUNICIPAL DEL CANTON MERA,322.81,26
GOBIERNO AUTONOMO DESCENTRALIZADO DE LA PARROQUIA COLAISACA,320.22,31
CONSEJO CANTONAL DE PROTECION DE DERECHOS SAN MIGUEL DE BOLIVAR,319.29,40
OFICINA TECNICA MIDUVI CHIMBORAZO,319.15,5
Federación Ecuatoriana de Deportes para Personas con Discapacidad Visual,310.55,18
UNIDAD DE ACCION SOCIAL GONZALO PIZARRO,307.75,18
MIDUVI EL ORO,306.54,3
ASOCIACION DE LIGAS RURALES DEL CANTON QUITO,303.03,6
ESCUELA DE FORMACION DE POLICIAS CABO SEGUNDO VICTOR HUGO USCA PACHACAMA,301.02,13
CASA DE LA CULTURA ECUATORIANA BENJAMIN CARRION ,300.17,5
FEDERACION ECUATORIANA DE CANOTAJE,297.04,14
Empresa Publica Municipal de Informacion y Comunicacion del Canton Santa Ana EPMICSA,294.28000000000003,5
Junta Parroquial Casanga,288.21999999999997,28
Casa de la Cultura Benjamín Carrión Núcleo de Tungurahua,286.96,22
GOBIERNO AUTONOMO DESCENTRALIZADO PARROQUIAL RURAL EL TABLON,282.96999999999997,7
Registro Mercantil del Cantón Machala,279.27,2
CUERPO DE BOMBEROS DEL CANTON SIMON BOLIVAR CBC-SB,279.07,16
CUERPO DE BOMBEROS DE LAS LAJAS,272.28,8
JUNTA PARROQUIAL WLFRIDO LOOR MOREIRA,268.8,4
JUNTA PARROQUIAL PUERTO MACHALILLA,264.62,1
FUNDACION SABBAT & AYOVI17,258.34000000000003,2
GOBIERNO AUTONOMO DESCENTRALIZADO RURAL DE LA PARROQUIA DE SANTA LUCIA DE LAS PEÑAS,256.02,3
CUERPO DE BOMBEROS DEL CANTON ATAHUALPA,253.2,13
CONSEJO NACIONAL DE GOBIERNOS PARROQUIALES RURALES DEL ECUADOR-BOLIVAR,251.85,8
GOBIERNO AUTONOMO DESCENTRALIZADO PARROQUIAL RURAL MATUS,240.57,6
GOBIERNO PARROQUIAL PUERTO LIMON,235.89999999999998,2
EMPRESA PUBLICA DE COMERCIALIZACION TURISTICA ORELLANA TURISMO EP,222.52,2
GOBIERNO AUTONOMO DESCENTRALIZADO DE LA PARROQUIA RURAL ELOY ALFARO,214.72,2
Junta Parroquial de Bellavista,207.42,13
LIGA DEPORTIVA CANTONAL DE SUCUA,197.02,7
REGISTRO DE LA PROPIEDAD Y MERCANTIL DEL CANTÒN SAN PEDRO DE HUACA,196.3,2
GOBIERNO AUTONOMO DESCENTRALIZADO PARROQUIAL RURAL DE PINGUILI,195.65,10
GOBIERNO AUTONOMO DESCENTRALIZADO PARROQUIAL RURAL DE MILAGROS,194.84,7
Escuela de Policia Jose L. A. Rosero L.,190.35,14
DIRECCION DISTRITAL 03D01-AZOGUES A DELEG-MAG,188.46,4
OFICINA TECNICA Y DE PRESTACIÓN DE SERVICIOS SANTA ELENA,184.28,4
CONSEJO CANTONAL PARA LA PROTECCION DE DERECHOS DEL CANTON  DE SAN PEDRO DE PELILEO,182.03,4
junta parroquial la tola,168.49,10
FEDERACION ECUATORIANA HOCKEY SOBRE CESPED,168.19,1
miduvi  Santo Domingo de los TSachilas,165.96,3
OFICINA TECNICA MIDUVI  ZAMORA CHINCHIPE,163.09,4
GOBIERNO AUTONOMO DESCENTRALIZADO PARROQUIAL RURAL DE CURTINCAPAC,158.59,1
Liga Deportiva Cantonal de Salcedo,152.32,2
ASOCIACION PROVINCIAL DE LOS GOBIERNOS AUTONOMOS DESCENTRALIZADOS PARROQUIALES RURALES DE LA PROVINCIA DE SANTA ELENA,151.91,9
REGISTRO DE LA PROPIEDAD DEL GOBIERNO MUNICIPAL DEL CANTON EL TAMBO,139.48000000000002,10
FEDERACION PROVINCIAL DE LIGAS BARRIALES Y PARROQUIALES DE ORELLANA,125.82000000000001,15
CONSEJO CANTONAL DE PROTECCION DE DERECHOS DEL CANTON SANTIAGO DE PILLARO,124.13,12
"Empresa Publica Municipal de Infraestructura, Desarrollo y Servicios del Canton Puerto Quito",122.8,8
FEDERACION DEPORTIVA PROVINCIAL ESTUDIANTIL DE PASTAZA,118.55,2
FEDERACION PROVINCIAL DE LIGAS BARRIALES Y PARROQUIALES DEL CAÑAR,116.93,20
LIGA DEPORTIVA CANTONAL DE YAGUACHI,113.54,1
FEDERACION DEPORTIVA ESTUDIANTIL DE LA PROVINCIA DE MANABI,112.84,4
Junta Parroquial de Puzhio,111.50999999999999,2
CASA DE LA CULTURA ECUATORIANA BENJAMIN CARRION NUCLEO DE EL ORO,101.89,3
Concejo Cantonal de la NIñez y Adolesencia de El Pan,98.21000000000001,9
FEDERACION DEPORTIVA NACIONAL ESTUDIANTIL FEDENAES,95.2,1
FEDERACION ECUATORIANA DE DEPORTES PARA PERSONAS CON DISCAPACIDAD FISICA,92.39,9
Federación Cantonal de Ligas Deportivas Barriales y Parroquiales de Guayaquil,84.61,8
DIRECCIÓN DISTRITAL 05D01 LATACUNGA MAGP,81.65,2
Liga Deportiva Cantonal de Santa Lucia,79.99,5
FUNDACION PLAN ECUADOR,69.86,1
MANCOMUNIDAD DEL NORTE DEL ECUADOR,62.1,2
GOBIERNO AUTONOMO DESCENTRALIZADO PARROQUIAL RURAL DE SALATI,57.8,1
FEDERACION DEPORTIVA DE GALAPAGOS,57.33,2
GOBIERNO AUTONOMO DESCENTRALIZADO PARROQUIA RURAL GUALEL,50.36,6
GOBIERNO AUTONOMO DESCENTRALIZADO PARROQUIAL RURAL DE SAN JUAN DE CERRO AZUL,49.26,2
CONSEJO CANTONAL DE PROTECCION DE DERECHOS DEL CANTON MILAGRO,48.07,1
CONSEJO CANTONAL DE PROTECCION DE DERECHOS CANTON MARCELINO MARIDUEÑA,47.71,7
JUNTA UYUMBICHO,43.120000000000005,2
GOBIERNO AUTONOMO DESCENTRALIZADO PARROQUIAL RURAL DE GUANANDO,41.74,2
GOBIERNO AUTONOMO DESCENTRALIZADO PARROQUIAL RURAL DE SANTIAGO,34.5,2
CENTRO DE ENTRENAMIENTO Y ESCUELA DE ARTILLERIA ANTIAEREA CONJUNTA CE Y EAAC,30.0,1
ENTIDAD MANTENIMIENTO,27.37,1
FUNDACION VISION SOCIAL,25.869999999999997,2
FUNDACION CONSTRUYENDO SUEÑOS EN LIBERTAD,20.07,3
SECCION NACIONAL DEL ECUADOR DEL INSTITUTO PANAMERICANO DE GEOGRAFIA E HISTORIA,13.0,1
GOBIERNO AUTONOMO DESCENTRALIZADO PARROQUIAL DE CHUMBLIN,6.9,1
